[
{
  "model": "account.profile",
  "pk": 1,
  "fields": {
    "user": 7,
    "created": "2024-02-12T20:28:41.906Z",
    "first_name": null,
    "last_name": null,
    "address": "6640 Chaffee Ct n-2",
    "postal_code": "44141",
    "city": "BRECKSVILLE"
  }
},
{
  "model": "account.profile",
  "pk": 2,
  "fields": {
    "user": 8,
    "created": "2024-02-12T21:18:20.328Z",
    "first_name": null,
    "last_name": null,
    "address": "123 Main st",
    "postal_code": "12345",
    "city": "Main city"
  }
},
{
  "model": "account.profile",
  "pk": 4,
  "fields": {
    "user": 10,
    "created": "2024-05-21T15:12:12.319Z",
    "first_name": null,
    "last_name": null,
    "address": null,
    "postal_code": null,
    "city": null
  }
},
{
  "model": "admin.logentry",
  "pk": 1,
  "fields": {
    "action_time": "2024-01-07T19:02:26.298Z",
    "user": 1,
    "content_type": 9,
    "object_id": "1",
    "object_repr": "men",
    "action_flag": 1,
    "change_message": "[{\"added\": {}}]"
  }
},
{
  "model": "admin.logentry",
  "pk": 2,
  "fields": {
    "action_time": "2024-01-07T19:04:16.371Z",
    "user": 1,
    "content_type": 9,
    "object_id": "1",
    "object_repr": "men",
    "action_flag": 3,
    "change_message": ""
  }
},
{
  "model": "admin.logentry",
  "pk": 3,
  "fields": {
    "action_time": "2024-01-07T19:04:28.193Z",
    "user": 1,
    "content_type": 9,
    "object_id": "2",
    "object_repr": "men",
    "action_flag": 1,
    "change_message": "[{\"added\": {}}]"
  }
},
{
  "model": "admin.logentry",
  "pk": 4,
  "fields": {
    "action_time": "2024-01-07T19:04:35.366Z",
    "user": 1,
    "content_type": 9,
    "object_id": "3",
    "object_repr": "women",
    "action_flag": 1,
    "change_message": "[{\"added\": {}}]"
  }
},
{
  "model": "admin.logentry",
  "pk": 5,
  "fields": {
    "action_time": "2024-01-07T19:04:42.953Z",
    "user": 1,
    "content_type": 9,
    "object_id": "4",
    "object_repr": "kids",
    "action_flag": 1,
    "change_message": "[{\"added\": {}}]"
  }
},
{
  "model": "admin.logentry",
  "pk": 6,
  "fields": {
    "action_time": "2024-01-07T19:04:56.136Z",
    "user": 1,
    "content_type": 7,
    "object_id": "1",
    "object_repr": "boots",
    "action_flag": 1,
    "change_message": "[{\"added\": {}}]"
  }
},
{
  "model": "admin.logentry",
  "pk": 7,
  "fields": {
    "action_time": "2024-01-07T19:05:10.346Z",
    "user": 1,
    "content_type": 7,
    "object_id": "2",
    "object_repr": "running",
    "action_flag": 1,
    "change_message": "[{\"added\": {}}]"
  }
},
{
  "model": "admin.logentry",
  "pk": 8,
  "fields": {
    "action_time": "2024-01-07T19:05:23.351Z",
    "user": 1,
    "content_type": 7,
    "object_id": "3",
    "object_repr": "boots",
    "action_flag": 1,
    "change_message": "[{\"added\": {}}]"
  }
},
{
  "model": "admin.logentry",
  "pk": 9,
  "fields": {
    "action_time": "2024-01-07T19:05:35.701Z",
    "user": 1,
    "content_type": 7,
    "object_id": "4",
    "object_repr": "running",
    "action_flag": 1,
    "change_message": "[{\"added\": {}}]"
  }
},
{
  "model": "admin.logentry",
  "pk": 10,
  "fields": {
    "action_time": "2024-01-07T19:05:50.855Z",
    "user": 1,
    "content_type": 7,
    "object_id": "5",
    "object_repr": "boots",
    "action_flag": 1,
    "change_message": "[{\"added\": {}}]"
  }
},
{
  "model": "admin.logentry",
  "pk": 11,
  "fields": {
    "action_time": "2024-01-07T19:19:49.232Z",
    "user": 1,
    "content_type": 8,
    "object_id": "1",
    "object_repr": "Space walkers",
    "action_flag": 1,
    "change_message": "[{\"added\": {}}]"
  }
},
{
  "model": "admin.logentry",
  "pk": 12,
  "fields": {
    "action_time": "2024-01-07T19:26:45.907Z",
    "user": 1,
    "content_type": 7,
    "object_id": "6",
    "object_repr": "walking",
    "action_flag": 1,
    "change_message": "[{\"added\": {}}]"
  }
},
{
  "model": "admin.logentry",
  "pk": 13,
  "fields": {
    "action_time": "2024-01-07T19:27:55.155Z",
    "user": 1,
    "content_type": 8,
    "object_id": "2",
    "object_repr": "yaya shoes",
    "action_flag": 1,
    "change_message": "[{\"added\": {}}]"
  }
},
{
  "model": "admin.logentry",
  "pk": 14,
  "fields": {
    "action_time": "2024-01-07T19:29:55.567Z",
    "user": 1,
    "content_type": 7,
    "object_id": "5",
    "object_repr": "boots",
    "action_flag": 3,
    "change_message": ""
  }
},
{
  "model": "admin.logentry",
  "pk": 15,
  "fields": {
    "action_time": "2024-01-07T19:29:55.587Z",
    "user": 1,
    "content_type": 7,
    "object_id": "3",
    "object_repr": "boots",
    "action_flag": 3,
    "change_message": ""
  }
},
{
  "model": "admin.logentry",
  "pk": 16,
  "fields": {
    "action_time": "2024-01-07T19:29:55.597Z",
    "user": 1,
    "content_type": 7,
    "object_id": "1",
    "object_repr": "boots",
    "action_flag": 3,
    "change_message": ""
  }
},
{
  "model": "admin.logentry",
  "pk": 17,
  "fields": {
    "action_time": "2024-01-07T19:29:55.607Z",
    "user": 1,
    "content_type": 7,
    "object_id": "4",
    "object_repr": "running",
    "action_flag": 3,
    "change_message": ""
  }
},
{
  "model": "admin.logentry",
  "pk": 18,
  "fields": {
    "action_time": "2024-01-07T19:29:55.618Z",
    "user": 1,
    "content_type": 7,
    "object_id": "2",
    "object_repr": "running",
    "action_flag": 3,
    "change_message": ""
  }
},
{
  "model": "admin.logentry",
  "pk": 19,
  "fields": {
    "action_time": "2024-01-07T19:29:55.625Z",
    "user": 1,
    "content_type": 7,
    "object_id": "6",
    "object_repr": "walking",
    "action_flag": 3,
    "change_message": ""
  }
},
{
  "model": "admin.logentry",
  "pk": 20,
  "fields": {
    "action_time": "2024-01-07T19:40:14.787Z",
    "user": 1,
    "content_type": 7,
    "object_id": "7",
    "object_repr": "running",
    "action_flag": 1,
    "change_message": "[{\"added\": {}}]"
  }
},
{
  "model": "admin.logentry",
  "pk": 21,
  "fields": {
    "action_time": "2024-01-07T19:40:35.728Z",
    "user": 1,
    "content_type": 7,
    "object_id": "8",
    "object_repr": "boots",
    "action_flag": 1,
    "change_message": "[{\"added\": {}}]"
  }
},
{
  "model": "admin.logentry",
  "pk": 22,
  "fields": {
    "action_time": "2024-01-07T19:41:42.413Z",
    "user": 1,
    "content_type": 8,
    "object_id": "3",
    "object_repr": "Cosmic runners",
    "action_flag": 1,
    "change_message": "[{\"added\": {}}]"
  }
},
{
  "model": "admin.logentry",
  "pk": 23,
  "fields": {
    "action_time": "2024-01-07T19:43:12.438Z",
    "user": 1,
    "content_type": 8,
    "object_id": "4",
    "object_repr": "Space walkers",
    "action_flag": 1,
    "change_message": "[{\"added\": {}}]"
  }
},
{
  "model": "admin.logentry",
  "pk": 24,
  "fields": {
    "action_time": "2024-01-12T15:13:35.189Z",
    "user": 1,
    "content_type": 10,
    "object_id": "1",
    "object_repr": "7",
    "action_flag": 1,
    "change_message": "[{\"added\": {}}]"
  }
},
{
  "model": "admin.logentry",
  "pk": 25,
  "fields": {
    "action_time": "2024-01-12T15:13:42.097Z",
    "user": 1,
    "content_type": 10,
    "object_id": "2",
    "object_repr": "8",
    "action_flag": 1,
    "change_message": "[{\"added\": {}}]"
  }
},
{
  "model": "admin.logentry",
  "pk": 26,
  "fields": {
    "action_time": "2024-01-12T15:13:48.769Z",
    "user": 1,
    "content_type": 10,
    "object_id": "3",
    "object_repr": "9",
    "action_flag": 1,
    "change_message": "[{\"added\": {}}]"
  }
},
{
  "model": "admin.logentry",
  "pk": 27,
  "fields": {
    "action_time": "2024-01-12T15:13:55.883Z",
    "user": 1,
    "content_type": 10,
    "object_id": "4",
    "object_repr": "10",
    "action_flag": 1,
    "change_message": "[{\"added\": {}}]"
  }
},
{
  "model": "admin.logentry",
  "pk": 28,
  "fields": {
    "action_time": "2024-01-12T15:14:01.458Z",
    "user": 1,
    "content_type": 10,
    "object_id": "5",
    "object_repr": "11",
    "action_flag": 1,
    "change_message": "[{\"added\": {}}]"
  }
},
{
  "model": "admin.logentry",
  "pk": 29,
  "fields": {
    "action_time": "2024-01-12T15:14:04.753Z",
    "user": 1,
    "content_type": 10,
    "object_id": "6",
    "object_repr": "12",
    "action_flag": 1,
    "change_message": "[{\"added\": {}}]"
  }
},
{
  "model": "admin.logentry",
  "pk": 30,
  "fields": {
    "action_time": "2024-01-12T15:14:48.096Z",
    "user": 1,
    "content_type": 10,
    "object_id": "7",
    "object_repr": "1",
    "action_flag": 1,
    "change_message": "[{\"added\": {}}]"
  }
},
{
  "model": "admin.logentry",
  "pk": 31,
  "fields": {
    "action_time": "2024-01-12T15:16:03.462Z",
    "user": 1,
    "content_type": 10,
    "object_id": "8",
    "object_repr": "2",
    "action_flag": 1,
    "change_message": "[{\"added\": {}}]"
  }
},
{
  "model": "admin.logentry",
  "pk": 32,
  "fields": {
    "action_time": "2024-01-12T15:18:34.346Z",
    "user": 1,
    "content_type": 10,
    "object_id": "8",
    "object_repr": "2",
    "action_flag": 3,
    "change_message": ""
  }
},
{
  "model": "admin.logentry",
  "pk": 33,
  "fields": {
    "action_time": "2024-01-12T15:18:34.391Z",
    "user": 1,
    "content_type": 10,
    "object_id": "7",
    "object_repr": "1",
    "action_flag": 3,
    "change_message": ""
  }
},
{
  "model": "admin.logentry",
  "pk": 34,
  "fields": {
    "action_time": "2024-01-12T15:19:22.252Z",
    "user": 1,
    "content_type": 10,
    "object_id": "9",
    "object_repr": "13",
    "action_flag": 1,
    "change_message": "[{\"added\": {}}]"
  }
},
{
  "model": "admin.logentry",
  "pk": 35,
  "fields": {
    "action_time": "2024-01-12T15:19:42.849Z",
    "user": 1,
    "content_type": 10,
    "object_id": "10",
    "object_repr": "9.5",
    "action_flag": 1,
    "change_message": "[{\"added\": {}}]"
  }
},
{
  "model": "admin.logentry",
  "pk": 36,
  "fields": {
    "action_time": "2024-01-12T15:19:54.876Z",
    "user": 1,
    "content_type": 8,
    "object_id": "3",
    "object_repr": "Cosmic runners",
    "action_flag": 2,
    "change_message": "[{\"changed\": {\"fields\": [\"Size\"]}}]"
  }
},
{
  "model": "admin.logentry",
  "pk": 37,
  "fields": {
    "action_time": "2024-01-12T15:35:47.389Z",
    "user": 1,
    "content_type": 10,
    "object_id": "11",
    "object_repr": "10.5",
    "action_flag": 1,
    "change_message": "[{\"added\": {}}]"
  }
},
{
  "model": "admin.logentry",
  "pk": 38,
  "fields": {
    "action_time": "2024-01-12T15:35:52.935Z",
    "user": 1,
    "content_type": 10,
    "object_id": "12",
    "object_repr": "11.5",
    "action_flag": 1,
    "change_message": "[{\"added\": {}}]"
  }
},
{
  "model": "admin.logentry",
  "pk": 39,
  "fields": {
    "action_time": "2024-01-12T15:36:59.493Z",
    "user": 1,
    "content_type": 8,
    "object_id": "3",
    "object_repr": "Cosmic runners",
    "action_flag": 2,
    "change_message": "[{\"changed\": {\"fields\": [\"Size\"]}}]"
  }
},
{
  "model": "admin.logentry",
  "pk": 40,
  "fields": {
    "action_time": "2024-01-12T15:53:40.338Z",
    "user": 1,
    "content_type": 8,
    "object_id": "3",
    "object_repr": "Cosmic runners",
    "action_flag": 2,
    "change_message": "[{\"changed\": {\"fields\": [\"Size\"]}}]"
  }
},
{
  "model": "admin.logentry",
  "pk": 41,
  "fields": {
    "action_time": "2024-01-12T15:53:53.989Z",
    "user": 1,
    "content_type": 8,
    "object_id": "4",
    "object_repr": "Space walkers",
    "action_flag": 2,
    "change_message": "[{\"changed\": {\"fields\": [\"Size\"]}}]"
  }
},
{
  "model": "admin.logentry",
  "pk": 42,
  "fields": {
    "action_time": "2024-01-12T18:30:28.570Z",
    "user": 1,
    "content_type": 7,
    "object_id": "9",
    "object_repr": "all terrain",
    "action_flag": 1,
    "change_message": "[{\"added\": {}}]"
  }
},
{
  "model": "admin.logentry",
  "pk": 43,
  "fields": {
    "action_time": "2024-01-12T18:46:25.086Z",
    "user": 1,
    "content_type": 8,
    "object_id": "5",
    "object_repr": "blue runners",
    "action_flag": 1,
    "change_message": "[{\"added\": {}}]"
  }
},
{
  "model": "admin.logentry",
  "pk": 44,
  "fields": {
    "action_time": "2024-01-15T16:08:23.486Z",
    "user": 1,
    "content_type": 8,
    "object_id": "6",
    "object_repr": "owl",
    "action_flag": 1,
    "change_message": "[{\"added\": {}}]"
  }
},
{
  "model": "admin.logentry",
  "pk": 45,
  "fields": {
    "action_time": "2024-01-15T16:23:15.172Z",
    "user": 1,
    "content_type": 10,
    "object_id": "9",
    "object_repr": "13.0",
    "action_flag": 2,
    "change_message": "[]"
  }
},
{
  "model": "admin.logentry",
  "pk": 46,
  "fields": {
    "action_time": "2024-01-15T16:23:35.793Z",
    "user": 1,
    "content_type": 8,
    "object_id": "3",
    "object_repr": "Cosmic runners",
    "action_flag": 2,
    "change_message": "[{\"changed\": {\"fields\": [\"Size\"]}}]"
  }
},
{
  "model": "admin.logentry",
  "pk": 47,
  "fields": {
    "action_time": "2024-01-15T18:26:07.710Z",
    "user": 1,
    "content_type": 10,
    "object_id": "13",
    "object_repr": "7.5",
    "action_flag": 1,
    "change_message": "[{\"added\": {}}]"
  }
},
{
  "model": "admin.logentry",
  "pk": 48,
  "fields": {
    "action_time": "2024-01-15T18:26:16.660Z",
    "user": 1,
    "content_type": 10,
    "object_id": "14",
    "object_repr": "8.5",
    "action_flag": 1,
    "change_message": "[{\"added\": {}}]"
  }
},
{
  "model": "admin.logentry",
  "pk": 49,
  "fields": {
    "action_time": "2024-01-15T18:26:42.862Z",
    "user": 1,
    "content_type": 8,
    "object_id": "6",
    "object_repr": "owl",
    "action_flag": 2,
    "change_message": "[{\"changed\": {\"fields\": [\"Size\"]}}]"
  }
},
{
  "model": "admin.logentry",
  "pk": 50,
  "fields": {
    "action_time": "2024-01-15T18:35:33.807Z",
    "user": 1,
    "content_type": 8,
    "object_id": "6",
    "object_repr": "owl",
    "action_flag": 2,
    "change_message": "[{\"changed\": {\"fields\": [\"Size\"]}}]"
  }
},
{
  "model": "admin.logentry",
  "pk": 51,
  "fields": {
    "action_time": "2024-01-15T18:35:47.997Z",
    "user": 1,
    "content_type": 8,
    "object_id": "5",
    "object_repr": "blue runners",
    "action_flag": 2,
    "change_message": "[{\"changed\": {\"fields\": [\"Size\"]}}]"
  }
},
{
  "model": "admin.logentry",
  "pk": 52,
  "fields": {
    "action_time": "2024-01-15T18:42:38.822Z",
    "user": 1,
    "content_type": 10,
    "object_id": "4",
    "object_repr": "10",
    "action_flag": 3,
    "change_message": ""
  }
},
{
  "model": "admin.logentry",
  "pk": 53,
  "fields": {
    "action_time": "2024-01-15T18:42:38.835Z",
    "user": 1,
    "content_type": 10,
    "object_id": "11",
    "object_repr": "10.5",
    "action_flag": 3,
    "change_message": ""
  }
},
{
  "model": "admin.logentry",
  "pk": 54,
  "fields": {
    "action_time": "2024-01-15T18:42:38.843Z",
    "user": 1,
    "content_type": 10,
    "object_id": "5",
    "object_repr": "11",
    "action_flag": 3,
    "change_message": ""
  }
},
{
  "model": "admin.logentry",
  "pk": 55,
  "fields": {
    "action_time": "2024-01-15T18:42:38.850Z",
    "user": 1,
    "content_type": 10,
    "object_id": "12",
    "object_repr": "11.5",
    "action_flag": 3,
    "change_message": ""
  }
},
{
  "model": "admin.logentry",
  "pk": 56,
  "fields": {
    "action_time": "2024-01-15T18:42:38.857Z",
    "user": 1,
    "content_type": 10,
    "object_id": "6",
    "object_repr": "12",
    "action_flag": 3,
    "change_message": ""
  }
},
{
  "model": "admin.logentry",
  "pk": 57,
  "fields": {
    "action_time": "2024-01-15T18:42:38.864Z",
    "user": 1,
    "content_type": 10,
    "object_id": "9",
    "object_repr": "13",
    "action_flag": 3,
    "change_message": ""
  }
},
{
  "model": "admin.logentry",
  "pk": 58,
  "fields": {
    "action_time": "2024-01-15T18:42:38.871Z",
    "user": 1,
    "content_type": 10,
    "object_id": "1",
    "object_repr": "7",
    "action_flag": 3,
    "change_message": ""
  }
},
{
  "model": "admin.logentry",
  "pk": 59,
  "fields": {
    "action_time": "2024-01-15T18:42:38.878Z",
    "user": 1,
    "content_type": 10,
    "object_id": "13",
    "object_repr": "7.5",
    "action_flag": 3,
    "change_message": ""
  }
},
{
  "model": "admin.logentry",
  "pk": 60,
  "fields": {
    "action_time": "2024-01-15T18:42:38.885Z",
    "user": 1,
    "content_type": 10,
    "object_id": "2",
    "object_repr": "8",
    "action_flag": 3,
    "change_message": ""
  }
},
{
  "model": "admin.logentry",
  "pk": 61,
  "fields": {
    "action_time": "2024-01-15T18:42:38.893Z",
    "user": 1,
    "content_type": 10,
    "object_id": "14",
    "object_repr": "8.5",
    "action_flag": 3,
    "change_message": ""
  }
},
{
  "model": "admin.logentry",
  "pk": 62,
  "fields": {
    "action_time": "2024-01-15T18:42:38.901Z",
    "user": 1,
    "content_type": 10,
    "object_id": "3",
    "object_repr": "9",
    "action_flag": 3,
    "change_message": ""
  }
},
{
  "model": "admin.logentry",
  "pk": 63,
  "fields": {
    "action_time": "2024-01-15T18:42:38.908Z",
    "user": 1,
    "content_type": 10,
    "object_id": "10",
    "object_repr": "9.5",
    "action_flag": 3,
    "change_message": ""
  }
},
{
  "model": "admin.logentry",
  "pk": 64,
  "fields": {
    "action_time": "2024-01-15T18:42:48.630Z",
    "user": 1,
    "content_type": 10,
    "object_id": "15",
    "object_repr": "seven",
    "action_flag": 1,
    "change_message": "[{\"added\": {}}]"
  }
},
{
  "model": "admin.logentry",
  "pk": 65,
  "fields": {
    "action_time": "2024-01-15T18:42:55.828Z",
    "user": 1,
    "content_type": 10,
    "object_id": "16",
    "object_repr": "twelve",
    "action_flag": 1,
    "change_message": "[{\"added\": {}}]"
  }
},
{
  "model": "admin.logentry",
  "pk": 66,
  "fields": {
    "action_time": "2024-01-15T18:43:07.944Z",
    "user": 1,
    "content_type": 10,
    "object_id": "17",
    "object_repr": "eight",
    "action_flag": 1,
    "change_message": "[{\"added\": {}}]"
  }
},
{
  "model": "admin.logentry",
  "pk": 67,
  "fields": {
    "action_time": "2024-01-15T18:43:17.529Z",
    "user": 1,
    "content_type": 8,
    "object_id": "3",
    "object_repr": "Cosmic runners",
    "action_flag": 2,
    "change_message": "[{\"changed\": {\"fields\": [\"Size\"]}}]"
  }
},
{
  "model": "admin.logentry",
  "pk": 68,
  "fields": {
    "action_time": "2024-01-15T18:44:16.555Z",
    "user": 1,
    "content_type": 10,
    "object_id": "18",
    "object_repr": "five",
    "action_flag": 1,
    "change_message": "[{\"added\": {}}]"
  }
},
{
  "model": "admin.logentry",
  "pk": 69,
  "fields": {
    "action_time": "2024-01-15T18:44:24.062Z",
    "user": 1,
    "content_type": 8,
    "object_id": "6",
    "object_repr": "owl",
    "action_flag": 2,
    "change_message": "[{\"changed\": {\"fields\": [\"Size\"]}}]"
  }
},
{
  "model": "admin.logentry",
  "pk": 70,
  "fields": {
    "action_time": "2024-01-15T18:46:19.605Z",
    "user": 1,
    "content_type": 10,
    "object_id": "17",
    "object_repr": "eight",
    "action_flag": 3,
    "change_message": ""
  }
},
{
  "model": "admin.logentry",
  "pk": 71,
  "fields": {
    "action_time": "2024-01-15T18:46:19.646Z",
    "user": 1,
    "content_type": 10,
    "object_id": "18",
    "object_repr": "five",
    "action_flag": 3,
    "change_message": ""
  }
},
{
  "model": "admin.logentry",
  "pk": 72,
  "fields": {
    "action_time": "2024-01-15T18:46:19.652Z",
    "user": 1,
    "content_type": 10,
    "object_id": "15",
    "object_repr": "seven",
    "action_flag": 3,
    "change_message": ""
  }
},
{
  "model": "admin.logentry",
  "pk": 73,
  "fields": {
    "action_time": "2024-01-15T18:46:19.658Z",
    "user": 1,
    "content_type": 10,
    "object_id": "16",
    "object_repr": "twelve",
    "action_flag": 3,
    "change_message": ""
  }
},
{
  "model": "admin.logentry",
  "pk": 74,
  "fields": {
    "action_time": "2024-01-15T18:46:23.707Z",
    "user": 1,
    "content_type": 10,
    "object_id": "19",
    "object_repr": "7",
    "action_flag": 1,
    "change_message": "[{\"added\": {}}]"
  }
},
{
  "model": "admin.logentry",
  "pk": 75,
  "fields": {
    "action_time": "2024-01-15T18:46:29.240Z",
    "user": 1,
    "content_type": 10,
    "object_id": "20",
    "object_repr": "7.5",
    "action_flag": 1,
    "change_message": "[{\"added\": {}}]"
  }
},
{
  "model": "admin.logentry",
  "pk": 76,
  "fields": {
    "action_time": "2024-01-15T18:46:33.535Z",
    "user": 1,
    "content_type": 10,
    "object_id": "21",
    "object_repr": "8",
    "action_flag": 1,
    "change_message": "[{\"added\": {}}]"
  }
},
{
  "model": "admin.logentry",
  "pk": 77,
  "fields": {
    "action_time": "2024-01-15T18:46:40.999Z",
    "user": 1,
    "content_type": 10,
    "object_id": "22",
    "object_repr": "8.5",
    "action_flag": 1,
    "change_message": "[{\"added\": {}}]"
  }
},
{
  "model": "admin.logentry",
  "pk": 78,
  "fields": {
    "action_time": "2024-01-15T18:47:13.712Z",
    "user": 1,
    "content_type": 8,
    "object_id": "5",
    "object_repr": "blue runners",
    "action_flag": 2,
    "change_message": "[{\"changed\": {\"fields\": [\"Size\"]}}]"
  }
},
{
  "model": "admin.logentry",
  "pk": 79,
  "fields": {
    "action_time": "2024-01-15T18:47:23.350Z",
    "user": 1,
    "content_type": 8,
    "object_id": "6",
    "object_repr": "owl",
    "action_flag": 2,
    "change_message": "[{\"changed\": {\"fields\": [\"Size\"]}}]"
  }
},
{
  "model": "admin.logentry",
  "pk": 80,
  "fields": {
    "action_time": "2024-01-15T18:47:30.629Z",
    "user": 1,
    "content_type": 8,
    "object_id": "4",
    "object_repr": "Space walkers",
    "action_flag": 2,
    "change_message": "[{\"changed\": {\"fields\": [\"Size\"]}}]"
  }
},
{
  "model": "admin.logentry",
  "pk": 81,
  "fields": {
    "action_time": "2024-01-15T18:47:38.889Z",
    "user": 1,
    "content_type": 8,
    "object_id": "3",
    "object_repr": "Cosmic runners",
    "action_flag": 2,
    "change_message": "[{\"changed\": {\"fields\": [\"Size\"]}}]"
  }
},
{
  "model": "admin.logentry",
  "pk": 82,
  "fields": {
    "action_time": "2024-01-19T21:06:38.332Z",
    "user": 1,
    "content_type": 8,
    "object_id": "7",
    "object_repr": "walky ducky",
    "action_flag": 1,
    "change_message": "[{\"added\": {}}]"
  }
},
{
  "model": "admin.logentry",
  "pk": 83,
  "fields": {
    "action_time": "2024-01-26T15:44:31.089Z",
    "user": 1,
    "content_type": 15,
    "object_id": "3",
    "object_repr": "Order 3",
    "action_flag": 3,
    "change_message": ""
  }
},
{
  "model": "admin.logentry",
  "pk": 84,
  "fields": {
    "action_time": "2024-01-26T15:44:31.114Z",
    "user": 1,
    "content_type": 15,
    "object_id": "2",
    "object_repr": "Order 2",
    "action_flag": 3,
    "change_message": ""
  }
},
{
  "model": "admin.logentry",
  "pk": 85,
  "fields": {
    "action_time": "2024-01-26T15:44:31.122Z",
    "user": 1,
    "content_type": 15,
    "object_id": "1",
    "object_repr": "Order 1",
    "action_flag": 3,
    "change_message": ""
  }
},
{
  "model": "admin.logentry",
  "pk": 86,
  "fields": {
    "action_time": "2024-01-26T21:45:32.680Z",
    "user": 1,
    "content_type": 15,
    "object_id": "63",
    "object_repr": "Order 63",
    "action_flag": 3,
    "change_message": ""
  }
},
{
  "model": "admin.logentry",
  "pk": 87,
  "fields": {
    "action_time": "2024-01-26T21:45:32.715Z",
    "user": 1,
    "content_type": 15,
    "object_id": "62",
    "object_repr": "Order 62",
    "action_flag": 3,
    "change_message": ""
  }
},
{
  "model": "admin.logentry",
  "pk": 88,
  "fields": {
    "action_time": "2024-01-26T21:45:32.728Z",
    "user": 1,
    "content_type": 15,
    "object_id": "61",
    "object_repr": "Order 61",
    "action_flag": 3,
    "change_message": ""
  }
},
{
  "model": "admin.logentry",
  "pk": 89,
  "fields": {
    "action_time": "2024-01-26T21:45:32.737Z",
    "user": 1,
    "content_type": 15,
    "object_id": "60",
    "object_repr": "Order 60",
    "action_flag": 3,
    "change_message": ""
  }
},
{
  "model": "admin.logentry",
  "pk": 90,
  "fields": {
    "action_time": "2024-01-26T21:45:32.752Z",
    "user": 1,
    "content_type": 15,
    "object_id": "59",
    "object_repr": "Order 59",
    "action_flag": 3,
    "change_message": ""
  }
},
{
  "model": "admin.logentry",
  "pk": 91,
  "fields": {
    "action_time": "2024-01-26T21:45:32.774Z",
    "user": 1,
    "content_type": 15,
    "object_id": "58",
    "object_repr": "Order 58",
    "action_flag": 3,
    "change_message": ""
  }
},
{
  "model": "admin.logentry",
  "pk": 92,
  "fields": {
    "action_time": "2024-01-26T21:45:32.786Z",
    "user": 1,
    "content_type": 15,
    "object_id": "57",
    "object_repr": "Order 57",
    "action_flag": 3,
    "change_message": ""
  }
},
{
  "model": "admin.logentry",
  "pk": 93,
  "fields": {
    "action_time": "2024-01-26T21:45:32.797Z",
    "user": 1,
    "content_type": 15,
    "object_id": "56",
    "object_repr": "Order 56",
    "action_flag": 3,
    "change_message": ""
  }
},
{
  "model": "admin.logentry",
  "pk": 94,
  "fields": {
    "action_time": "2024-01-26T21:45:32.814Z",
    "user": 1,
    "content_type": 15,
    "object_id": "55",
    "object_repr": "Order 55",
    "action_flag": 3,
    "change_message": ""
  }
},
{
  "model": "admin.logentry",
  "pk": 95,
  "fields": {
    "action_time": "2024-01-26T21:45:32.828Z",
    "user": 1,
    "content_type": 15,
    "object_id": "54",
    "object_repr": "Order 54",
    "action_flag": 3,
    "change_message": ""
  }
},
{
  "model": "admin.logentry",
  "pk": 96,
  "fields": {
    "action_time": "2024-01-26T21:45:32.844Z",
    "user": 1,
    "content_type": 15,
    "object_id": "53",
    "object_repr": "Order 53",
    "action_flag": 3,
    "change_message": ""
  }
},
{
  "model": "admin.logentry",
  "pk": 97,
  "fields": {
    "action_time": "2024-01-26T21:45:32.854Z",
    "user": 1,
    "content_type": 15,
    "object_id": "52",
    "object_repr": "Order 52",
    "action_flag": 3,
    "change_message": ""
  }
},
{
  "model": "admin.logentry",
  "pk": 98,
  "fields": {
    "action_time": "2024-01-26T21:45:32.868Z",
    "user": 1,
    "content_type": 15,
    "object_id": "51",
    "object_repr": "Order 51",
    "action_flag": 3,
    "change_message": ""
  }
},
{
  "model": "admin.logentry",
  "pk": 99,
  "fields": {
    "action_time": "2024-01-26T21:45:32.880Z",
    "user": 1,
    "content_type": 15,
    "object_id": "50",
    "object_repr": "Order 50",
    "action_flag": 3,
    "change_message": ""
  }
},
{
  "model": "admin.logentry",
  "pk": 100,
  "fields": {
    "action_time": "2024-01-26T21:45:32.888Z",
    "user": 1,
    "content_type": 15,
    "object_id": "49",
    "object_repr": "Order 49",
    "action_flag": 3,
    "change_message": ""
  }
},
{
  "model": "admin.logentry",
  "pk": 101,
  "fields": {
    "action_time": "2024-01-26T21:45:32.900Z",
    "user": 1,
    "content_type": 15,
    "object_id": "48",
    "object_repr": "Order 48",
    "action_flag": 3,
    "change_message": ""
  }
},
{
  "model": "admin.logentry",
  "pk": 102,
  "fields": {
    "action_time": "2024-01-26T21:45:32.913Z",
    "user": 1,
    "content_type": 15,
    "object_id": "47",
    "object_repr": "Order 47",
    "action_flag": 3,
    "change_message": ""
  }
},
{
  "model": "admin.logentry",
  "pk": 103,
  "fields": {
    "action_time": "2024-01-26T21:45:32.925Z",
    "user": 1,
    "content_type": 15,
    "object_id": "46",
    "object_repr": "Order 46",
    "action_flag": 3,
    "change_message": ""
  }
},
{
  "model": "admin.logentry",
  "pk": 104,
  "fields": {
    "action_time": "2024-01-26T21:45:32.942Z",
    "user": 1,
    "content_type": 15,
    "object_id": "45",
    "object_repr": "Order 45",
    "action_flag": 3,
    "change_message": ""
  }
},
{
  "model": "admin.logentry",
  "pk": 105,
  "fields": {
    "action_time": "2024-01-26T21:45:32.952Z",
    "user": 1,
    "content_type": 15,
    "object_id": "44",
    "object_repr": "Order 44",
    "action_flag": 3,
    "change_message": ""
  }
},
{
  "model": "admin.logentry",
  "pk": 106,
  "fields": {
    "action_time": "2024-01-26T21:45:32.964Z",
    "user": 1,
    "content_type": 15,
    "object_id": "43",
    "object_repr": "Order 43",
    "action_flag": 3,
    "change_message": ""
  }
},
{
  "model": "admin.logentry",
  "pk": 107,
  "fields": {
    "action_time": "2024-01-26T21:45:32.974Z",
    "user": 1,
    "content_type": 15,
    "object_id": "42",
    "object_repr": "Order 42",
    "action_flag": 3,
    "change_message": ""
  }
},
{
  "model": "admin.logentry",
  "pk": 108,
  "fields": {
    "action_time": "2024-01-26T21:45:32.987Z",
    "user": 1,
    "content_type": 15,
    "object_id": "41",
    "object_repr": "Order 41",
    "action_flag": 3,
    "change_message": ""
  }
},
{
  "model": "admin.logentry",
  "pk": 109,
  "fields": {
    "action_time": "2024-01-26T21:45:33.002Z",
    "user": 1,
    "content_type": 15,
    "object_id": "40",
    "object_repr": "Order 40",
    "action_flag": 3,
    "change_message": ""
  }
},
{
  "model": "admin.logentry",
  "pk": 110,
  "fields": {
    "action_time": "2024-01-26T21:45:33.013Z",
    "user": 1,
    "content_type": 15,
    "object_id": "39",
    "object_repr": "Order 39",
    "action_flag": 3,
    "change_message": ""
  }
},
{
  "model": "admin.logentry",
  "pk": 111,
  "fields": {
    "action_time": "2024-01-26T21:45:33.023Z",
    "user": 1,
    "content_type": 15,
    "object_id": "38",
    "object_repr": "Order 38",
    "action_flag": 3,
    "change_message": ""
  }
},
{
  "model": "admin.logentry",
  "pk": 112,
  "fields": {
    "action_time": "2024-01-26T21:45:33.033Z",
    "user": 1,
    "content_type": 15,
    "object_id": "37",
    "object_repr": "Order 37",
    "action_flag": 3,
    "change_message": ""
  }
},
{
  "model": "admin.logentry",
  "pk": 113,
  "fields": {
    "action_time": "2024-01-26T21:45:33.045Z",
    "user": 1,
    "content_type": 15,
    "object_id": "36",
    "object_repr": "Order 36",
    "action_flag": 3,
    "change_message": ""
  }
},
{
  "model": "admin.logentry",
  "pk": 114,
  "fields": {
    "action_time": "2024-01-26T21:45:33.066Z",
    "user": 1,
    "content_type": 15,
    "object_id": "35",
    "object_repr": "Order 35",
    "action_flag": 3,
    "change_message": ""
  }
},
{
  "model": "admin.logentry",
  "pk": 115,
  "fields": {
    "action_time": "2024-01-26T21:45:33.079Z",
    "user": 1,
    "content_type": 15,
    "object_id": "34",
    "object_repr": "Order 34",
    "action_flag": 3,
    "change_message": ""
  }
},
{
  "model": "admin.logentry",
  "pk": 116,
  "fields": {
    "action_time": "2024-01-26T21:45:33.089Z",
    "user": 1,
    "content_type": 15,
    "object_id": "33",
    "object_repr": "Order 33",
    "action_flag": 3,
    "change_message": ""
  }
},
{
  "model": "admin.logentry",
  "pk": 117,
  "fields": {
    "action_time": "2024-01-26T21:45:33.100Z",
    "user": 1,
    "content_type": 15,
    "object_id": "32",
    "object_repr": "Order 32",
    "action_flag": 3,
    "change_message": ""
  }
},
{
  "model": "admin.logentry",
  "pk": 118,
  "fields": {
    "action_time": "2024-01-26T21:45:33.112Z",
    "user": 1,
    "content_type": 15,
    "object_id": "31",
    "object_repr": "Order 31",
    "action_flag": 3,
    "change_message": ""
  }
},
{
  "model": "admin.logentry",
  "pk": 119,
  "fields": {
    "action_time": "2024-01-26T21:45:33.124Z",
    "user": 1,
    "content_type": 15,
    "object_id": "30",
    "object_repr": "Order 30",
    "action_flag": 3,
    "change_message": ""
  }
},
{
  "model": "admin.logentry",
  "pk": 120,
  "fields": {
    "action_time": "2024-01-26T21:45:33.139Z",
    "user": 1,
    "content_type": 15,
    "object_id": "29",
    "object_repr": "Order 29",
    "action_flag": 3,
    "change_message": ""
  }
},
{
  "model": "admin.logentry",
  "pk": 121,
  "fields": {
    "action_time": "2024-01-26T21:45:33.150Z",
    "user": 1,
    "content_type": 15,
    "object_id": "28",
    "object_repr": "Order 28",
    "action_flag": 3,
    "change_message": ""
  }
},
{
  "model": "admin.logentry",
  "pk": 122,
  "fields": {
    "action_time": "2024-01-26T21:45:33.164Z",
    "user": 1,
    "content_type": 15,
    "object_id": "27",
    "object_repr": "Order 27",
    "action_flag": 3,
    "change_message": ""
  }
},
{
  "model": "admin.logentry",
  "pk": 123,
  "fields": {
    "action_time": "2024-01-26T21:45:33.176Z",
    "user": 1,
    "content_type": 15,
    "object_id": "26",
    "object_repr": "Order 26",
    "action_flag": 3,
    "change_message": ""
  }
},
{
  "model": "admin.logentry",
  "pk": 124,
  "fields": {
    "action_time": "2024-01-26T21:45:33.186Z",
    "user": 1,
    "content_type": 15,
    "object_id": "25",
    "object_repr": "Order 25",
    "action_flag": 3,
    "change_message": ""
  }
},
{
  "model": "admin.logentry",
  "pk": 125,
  "fields": {
    "action_time": "2024-01-26T21:45:33.196Z",
    "user": 1,
    "content_type": 15,
    "object_id": "24",
    "object_repr": "Order 24",
    "action_flag": 3,
    "change_message": ""
  }
},
{
  "model": "admin.logentry",
  "pk": 126,
  "fields": {
    "action_time": "2024-01-26T21:45:33.204Z",
    "user": 1,
    "content_type": 15,
    "object_id": "23",
    "object_repr": "Order 23",
    "action_flag": 3,
    "change_message": ""
  }
},
{
  "model": "admin.logentry",
  "pk": 127,
  "fields": {
    "action_time": "2024-01-26T21:45:33.215Z",
    "user": 1,
    "content_type": 15,
    "object_id": "22",
    "object_repr": "Order 22",
    "action_flag": 3,
    "change_message": ""
  }
},
{
  "model": "admin.logentry",
  "pk": 128,
  "fields": {
    "action_time": "2024-01-26T21:45:33.228Z",
    "user": 1,
    "content_type": 15,
    "object_id": "21",
    "object_repr": "Order 21",
    "action_flag": 3,
    "change_message": ""
  }
},
{
  "model": "admin.logentry",
  "pk": 129,
  "fields": {
    "action_time": "2024-01-26T21:45:33.242Z",
    "user": 1,
    "content_type": 15,
    "object_id": "20",
    "object_repr": "Order 20",
    "action_flag": 3,
    "change_message": ""
  }
},
{
  "model": "admin.logentry",
  "pk": 130,
  "fields": {
    "action_time": "2024-01-26T21:45:33.252Z",
    "user": 1,
    "content_type": 15,
    "object_id": "19",
    "object_repr": "Order 19",
    "action_flag": 3,
    "change_message": ""
  }
},
{
  "model": "admin.logentry",
  "pk": 131,
  "fields": {
    "action_time": "2024-01-26T21:45:33.262Z",
    "user": 1,
    "content_type": 15,
    "object_id": "18",
    "object_repr": "Order 18",
    "action_flag": 3,
    "change_message": ""
  }
},
{
  "model": "admin.logentry",
  "pk": 132,
  "fields": {
    "action_time": "2024-01-26T21:45:33.271Z",
    "user": 1,
    "content_type": 15,
    "object_id": "17",
    "object_repr": "Order 17",
    "action_flag": 3,
    "change_message": ""
  }
},
{
  "model": "admin.logentry",
  "pk": 133,
  "fields": {
    "action_time": "2024-01-26T21:45:33.281Z",
    "user": 1,
    "content_type": 15,
    "object_id": "16",
    "object_repr": "Order 16",
    "action_flag": 3,
    "change_message": ""
  }
},
{
  "model": "admin.logentry",
  "pk": 134,
  "fields": {
    "action_time": "2024-01-26T21:45:33.292Z",
    "user": 1,
    "content_type": 15,
    "object_id": "15",
    "object_repr": "Order 15",
    "action_flag": 3,
    "change_message": ""
  }
},
{
  "model": "admin.logentry",
  "pk": 135,
  "fields": {
    "action_time": "2024-01-26T21:45:33.302Z",
    "user": 1,
    "content_type": 15,
    "object_id": "14",
    "object_repr": "Order 14",
    "action_flag": 3,
    "change_message": ""
  }
},
{
  "model": "admin.logentry",
  "pk": 136,
  "fields": {
    "action_time": "2024-02-10T19:13:52.484Z",
    "user": 1,
    "content_type": 15,
    "object_id": "174",
    "object_repr": "Order 174",
    "action_flag": 3,
    "change_message": ""
  }
},
{
  "model": "admin.logentry",
  "pk": 137,
  "fields": {
    "action_time": "2024-02-10T19:13:52.521Z",
    "user": 1,
    "content_type": 15,
    "object_id": "173",
    "object_repr": "Order 173",
    "action_flag": 3,
    "change_message": ""
  }
},
{
  "model": "admin.logentry",
  "pk": 138,
  "fields": {
    "action_time": "2024-02-10T19:13:52.528Z",
    "user": 1,
    "content_type": 15,
    "object_id": "172",
    "object_repr": "Order 172",
    "action_flag": 3,
    "change_message": ""
  }
},
{
  "model": "admin.logentry",
  "pk": 139,
  "fields": {
    "action_time": "2024-02-10T19:13:52.533Z",
    "user": 1,
    "content_type": 15,
    "object_id": "171",
    "object_repr": "Order 171",
    "action_flag": 3,
    "change_message": ""
  }
},
{
  "model": "admin.logentry",
  "pk": 140,
  "fields": {
    "action_time": "2024-02-10T19:13:52.538Z",
    "user": 1,
    "content_type": 15,
    "object_id": "170",
    "object_repr": "Order 170",
    "action_flag": 3,
    "change_message": ""
  }
},
{
  "model": "admin.logentry",
  "pk": 141,
  "fields": {
    "action_time": "2024-02-10T19:13:52.544Z",
    "user": 1,
    "content_type": 15,
    "object_id": "169",
    "object_repr": "Order 169",
    "action_flag": 3,
    "change_message": ""
  }
},
{
  "model": "admin.logentry",
  "pk": 142,
  "fields": {
    "action_time": "2024-02-10T19:13:52.553Z",
    "user": 1,
    "content_type": 15,
    "object_id": "168",
    "object_repr": "Order 168",
    "action_flag": 3,
    "change_message": ""
  }
},
{
  "model": "admin.logentry",
  "pk": 143,
  "fields": {
    "action_time": "2024-02-10T19:13:52.560Z",
    "user": 1,
    "content_type": 15,
    "object_id": "167",
    "object_repr": "Order 167",
    "action_flag": 3,
    "change_message": ""
  }
},
{
  "model": "admin.logentry",
  "pk": 144,
  "fields": {
    "action_time": "2024-02-10T19:13:52.568Z",
    "user": 1,
    "content_type": 15,
    "object_id": "166",
    "object_repr": "Order 166",
    "action_flag": 3,
    "change_message": ""
  }
},
{
  "model": "admin.logentry",
  "pk": 145,
  "fields": {
    "action_time": "2024-02-10T19:13:52.574Z",
    "user": 1,
    "content_type": 15,
    "object_id": "165",
    "object_repr": "Order 165",
    "action_flag": 3,
    "change_message": ""
  }
},
{
  "model": "admin.logentry",
  "pk": 146,
  "fields": {
    "action_time": "2024-02-10T19:13:52.583Z",
    "user": 1,
    "content_type": 15,
    "object_id": "164",
    "object_repr": "Order 164",
    "action_flag": 3,
    "change_message": ""
  }
},
{
  "model": "admin.logentry",
  "pk": 147,
  "fields": {
    "action_time": "2024-02-10T19:13:52.589Z",
    "user": 1,
    "content_type": 15,
    "object_id": "163",
    "object_repr": "Order 163",
    "action_flag": 3,
    "change_message": ""
  }
},
{
  "model": "admin.logentry",
  "pk": 148,
  "fields": {
    "action_time": "2024-02-10T19:13:52.599Z",
    "user": 1,
    "content_type": 15,
    "object_id": "162",
    "object_repr": "Order 162",
    "action_flag": 3,
    "change_message": ""
  }
},
{
  "model": "admin.logentry",
  "pk": 149,
  "fields": {
    "action_time": "2024-02-10T19:13:52.607Z",
    "user": 1,
    "content_type": 15,
    "object_id": "161",
    "object_repr": "Order 161",
    "action_flag": 3,
    "change_message": ""
  }
},
{
  "model": "admin.logentry",
  "pk": 150,
  "fields": {
    "action_time": "2024-02-10T19:13:52.617Z",
    "user": 1,
    "content_type": 15,
    "object_id": "160",
    "object_repr": "Order 160",
    "action_flag": 3,
    "change_message": ""
  }
},
{
  "model": "admin.logentry",
  "pk": 151,
  "fields": {
    "action_time": "2024-02-10T19:13:52.624Z",
    "user": 1,
    "content_type": 15,
    "object_id": "159",
    "object_repr": "Order 159",
    "action_flag": 3,
    "change_message": ""
  }
},
{
  "model": "admin.logentry",
  "pk": 152,
  "fields": {
    "action_time": "2024-02-10T19:13:52.632Z",
    "user": 1,
    "content_type": 15,
    "object_id": "158",
    "object_repr": "Order 158",
    "action_flag": 3,
    "change_message": ""
  }
},
{
  "model": "admin.logentry",
  "pk": 153,
  "fields": {
    "action_time": "2024-02-10T19:13:52.640Z",
    "user": 1,
    "content_type": 15,
    "object_id": "157",
    "object_repr": "Order 157",
    "action_flag": 3,
    "change_message": ""
  }
},
{
  "model": "admin.logentry",
  "pk": 154,
  "fields": {
    "action_time": "2024-02-10T19:13:52.648Z",
    "user": 1,
    "content_type": 15,
    "object_id": "156",
    "object_repr": "Order 156",
    "action_flag": 3,
    "change_message": ""
  }
},
{
  "model": "admin.logentry",
  "pk": 155,
  "fields": {
    "action_time": "2024-02-10T19:13:52.655Z",
    "user": 1,
    "content_type": 15,
    "object_id": "155",
    "object_repr": "Order 155",
    "action_flag": 3,
    "change_message": ""
  }
},
{
  "model": "admin.logentry",
  "pk": 156,
  "fields": {
    "action_time": "2024-02-10T19:13:52.664Z",
    "user": 1,
    "content_type": 15,
    "object_id": "154",
    "object_repr": "Order 154",
    "action_flag": 3,
    "change_message": ""
  }
},
{
  "model": "admin.logentry",
  "pk": 157,
  "fields": {
    "action_time": "2024-02-10T19:13:52.671Z",
    "user": 1,
    "content_type": 15,
    "object_id": "153",
    "object_repr": "Order 153",
    "action_flag": 3,
    "change_message": ""
  }
},
{
  "model": "admin.logentry",
  "pk": 158,
  "fields": {
    "action_time": "2024-02-10T19:13:52.679Z",
    "user": 1,
    "content_type": 15,
    "object_id": "152",
    "object_repr": "Order 152",
    "action_flag": 3,
    "change_message": ""
  }
},
{
  "model": "admin.logentry",
  "pk": 159,
  "fields": {
    "action_time": "2024-02-10T19:13:52.687Z",
    "user": 1,
    "content_type": 15,
    "object_id": "151",
    "object_repr": "Order 151",
    "action_flag": 3,
    "change_message": ""
  }
},
{
  "model": "admin.logentry",
  "pk": 160,
  "fields": {
    "action_time": "2024-02-10T19:13:52.695Z",
    "user": 1,
    "content_type": 15,
    "object_id": "150",
    "object_repr": "Order 150",
    "action_flag": 3,
    "change_message": ""
  }
},
{
  "model": "admin.logentry",
  "pk": 161,
  "fields": {
    "action_time": "2024-02-10T19:13:52.701Z",
    "user": 1,
    "content_type": 15,
    "object_id": "149",
    "object_repr": "Order 149",
    "action_flag": 3,
    "change_message": ""
  }
},
{
  "model": "admin.logentry",
  "pk": 162,
  "fields": {
    "action_time": "2024-02-10T19:13:52.708Z",
    "user": 1,
    "content_type": 15,
    "object_id": "148",
    "object_repr": "Order 148",
    "action_flag": 3,
    "change_message": ""
  }
},
{
  "model": "admin.logentry",
  "pk": 163,
  "fields": {
    "action_time": "2024-02-10T19:13:52.716Z",
    "user": 1,
    "content_type": 15,
    "object_id": "147",
    "object_repr": "Order 147",
    "action_flag": 3,
    "change_message": ""
  }
},
{
  "model": "admin.logentry",
  "pk": 164,
  "fields": {
    "action_time": "2024-02-10T19:13:52.723Z",
    "user": 1,
    "content_type": 15,
    "object_id": "146",
    "object_repr": "Order 146",
    "action_flag": 3,
    "change_message": ""
  }
},
{
  "model": "admin.logentry",
  "pk": 165,
  "fields": {
    "action_time": "2024-02-10T19:13:52.730Z",
    "user": 1,
    "content_type": 15,
    "object_id": "145",
    "object_repr": "Order 145",
    "action_flag": 3,
    "change_message": ""
  }
},
{
  "model": "admin.logentry",
  "pk": 166,
  "fields": {
    "action_time": "2024-02-10T19:13:52.737Z",
    "user": 1,
    "content_type": 15,
    "object_id": "144",
    "object_repr": "Order 144",
    "action_flag": 3,
    "change_message": ""
  }
},
{
  "model": "admin.logentry",
  "pk": 167,
  "fields": {
    "action_time": "2024-02-10T19:13:52.746Z",
    "user": 1,
    "content_type": 15,
    "object_id": "143",
    "object_repr": "Order 143",
    "action_flag": 3,
    "change_message": ""
  }
},
{
  "model": "admin.logentry",
  "pk": 168,
  "fields": {
    "action_time": "2024-02-10T19:13:52.753Z",
    "user": 1,
    "content_type": 15,
    "object_id": "142",
    "object_repr": "Order 142",
    "action_flag": 3,
    "change_message": ""
  }
},
{
  "model": "admin.logentry",
  "pk": 169,
  "fields": {
    "action_time": "2024-02-10T19:13:52.760Z",
    "user": 1,
    "content_type": 15,
    "object_id": "141",
    "object_repr": "Order 141",
    "action_flag": 3,
    "change_message": ""
  }
},
{
  "model": "admin.logentry",
  "pk": 170,
  "fields": {
    "action_time": "2024-02-10T19:13:52.768Z",
    "user": 1,
    "content_type": 15,
    "object_id": "140",
    "object_repr": "Order 140",
    "action_flag": 3,
    "change_message": ""
  }
},
{
  "model": "admin.logentry",
  "pk": 171,
  "fields": {
    "action_time": "2024-02-10T19:13:52.774Z",
    "user": 1,
    "content_type": 15,
    "object_id": "139",
    "object_repr": "Order 139",
    "action_flag": 3,
    "change_message": ""
  }
},
{
  "model": "admin.logentry",
  "pk": 172,
  "fields": {
    "action_time": "2024-02-10T19:13:52.785Z",
    "user": 1,
    "content_type": 15,
    "object_id": "138",
    "object_repr": "Order 138",
    "action_flag": 3,
    "change_message": ""
  }
},
{
  "model": "admin.logentry",
  "pk": 173,
  "fields": {
    "action_time": "2024-02-10T19:13:52.791Z",
    "user": 1,
    "content_type": 15,
    "object_id": "137",
    "object_repr": "Order 137",
    "action_flag": 3,
    "change_message": ""
  }
},
{
  "model": "admin.logentry",
  "pk": 174,
  "fields": {
    "action_time": "2024-02-10T19:13:52.800Z",
    "user": 1,
    "content_type": 15,
    "object_id": "136",
    "object_repr": "Order 136",
    "action_flag": 3,
    "change_message": ""
  }
},
{
  "model": "admin.logentry",
  "pk": 175,
  "fields": {
    "action_time": "2024-02-10T19:13:52.807Z",
    "user": 1,
    "content_type": 15,
    "object_id": "135",
    "object_repr": "Order 135",
    "action_flag": 3,
    "change_message": ""
  }
},
{
  "model": "admin.logentry",
  "pk": 176,
  "fields": {
    "action_time": "2024-02-10T19:13:52.814Z",
    "user": 1,
    "content_type": 15,
    "object_id": "134",
    "object_repr": "Order 134",
    "action_flag": 3,
    "change_message": ""
  }
},
{
  "model": "admin.logentry",
  "pk": 177,
  "fields": {
    "action_time": "2024-02-10T19:13:52.822Z",
    "user": 1,
    "content_type": 15,
    "object_id": "133",
    "object_repr": "Order 133",
    "action_flag": 3,
    "change_message": ""
  }
},
{
  "model": "admin.logentry",
  "pk": 178,
  "fields": {
    "action_time": "2024-02-10T19:13:52.829Z",
    "user": 1,
    "content_type": 15,
    "object_id": "132",
    "object_repr": "Order 132",
    "action_flag": 3,
    "change_message": ""
  }
},
{
  "model": "admin.logentry",
  "pk": 179,
  "fields": {
    "action_time": "2024-02-10T19:13:52.835Z",
    "user": 1,
    "content_type": 15,
    "object_id": "131",
    "object_repr": "Order 131",
    "action_flag": 3,
    "change_message": ""
  }
},
{
  "model": "admin.logentry",
  "pk": 180,
  "fields": {
    "action_time": "2024-02-10T19:13:52.841Z",
    "user": 1,
    "content_type": 15,
    "object_id": "130",
    "object_repr": "Order 130",
    "action_flag": 3,
    "change_message": ""
  }
},
{
  "model": "admin.logentry",
  "pk": 181,
  "fields": {
    "action_time": "2024-02-10T19:13:52.848Z",
    "user": 1,
    "content_type": 15,
    "object_id": "129",
    "object_repr": "Order 129",
    "action_flag": 3,
    "change_message": ""
  }
},
{
  "model": "admin.logentry",
  "pk": 182,
  "fields": {
    "action_time": "2024-02-10T19:13:52.855Z",
    "user": 1,
    "content_type": 15,
    "object_id": "128",
    "object_repr": "Order 128",
    "action_flag": 3,
    "change_message": ""
  }
},
{
  "model": "admin.logentry",
  "pk": 183,
  "fields": {
    "action_time": "2024-02-10T19:13:52.863Z",
    "user": 1,
    "content_type": 15,
    "object_id": "127",
    "object_repr": "Order 127",
    "action_flag": 3,
    "change_message": ""
  }
},
{
  "model": "admin.logentry",
  "pk": 184,
  "fields": {
    "action_time": "2024-02-10T19:13:52.868Z",
    "user": 1,
    "content_type": 15,
    "object_id": "126",
    "object_repr": "Order 126",
    "action_flag": 3,
    "change_message": ""
  }
},
{
  "model": "admin.logentry",
  "pk": 185,
  "fields": {
    "action_time": "2024-02-10T19:13:52.874Z",
    "user": 1,
    "content_type": 15,
    "object_id": "125",
    "object_repr": "Order 125",
    "action_flag": 3,
    "change_message": ""
  }
},
{
  "model": "admin.logentry",
  "pk": 186,
  "fields": {
    "action_time": "2024-02-10T19:13:52.883Z",
    "user": 1,
    "content_type": 15,
    "object_id": "124",
    "object_repr": "Order 124",
    "action_flag": 3,
    "change_message": ""
  }
},
{
  "model": "admin.logentry",
  "pk": 187,
  "fields": {
    "action_time": "2024-02-10T19:13:52.888Z",
    "user": 1,
    "content_type": 15,
    "object_id": "123",
    "object_repr": "Order 123",
    "action_flag": 3,
    "change_message": ""
  }
},
{
  "model": "admin.logentry",
  "pk": 188,
  "fields": {
    "action_time": "2024-02-10T19:13:52.895Z",
    "user": 1,
    "content_type": 15,
    "object_id": "122",
    "object_repr": "Order 122",
    "action_flag": 3,
    "change_message": ""
  }
},
{
  "model": "admin.logentry",
  "pk": 189,
  "fields": {
    "action_time": "2024-02-10T19:13:52.901Z",
    "user": 1,
    "content_type": 15,
    "object_id": "121",
    "object_repr": "Order 121",
    "action_flag": 3,
    "change_message": ""
  }
},
{
  "model": "admin.logentry",
  "pk": 190,
  "fields": {
    "action_time": "2024-02-10T19:13:52.908Z",
    "user": 1,
    "content_type": 15,
    "object_id": "120",
    "object_repr": "Order 120",
    "action_flag": 3,
    "change_message": ""
  }
},
{
  "model": "admin.logentry",
  "pk": 191,
  "fields": {
    "action_time": "2024-02-10T19:13:52.916Z",
    "user": 1,
    "content_type": 15,
    "object_id": "119",
    "object_repr": "Order 119",
    "action_flag": 3,
    "change_message": ""
  }
},
{
  "model": "admin.logentry",
  "pk": 192,
  "fields": {
    "action_time": "2024-02-10T19:13:52.922Z",
    "user": 1,
    "content_type": 15,
    "object_id": "118",
    "object_repr": "Order 118",
    "action_flag": 3,
    "change_message": ""
  }
},
{
  "model": "admin.logentry",
  "pk": 193,
  "fields": {
    "action_time": "2024-02-10T19:13:52.931Z",
    "user": 1,
    "content_type": 15,
    "object_id": "117",
    "object_repr": "Order 117",
    "action_flag": 3,
    "change_message": ""
  }
},
{
  "model": "admin.logentry",
  "pk": 194,
  "fields": {
    "action_time": "2024-02-10T19:13:52.937Z",
    "user": 1,
    "content_type": 15,
    "object_id": "116",
    "object_repr": "Order 116",
    "action_flag": 3,
    "change_message": ""
  }
},
{
  "model": "admin.logentry",
  "pk": 195,
  "fields": {
    "action_time": "2024-02-10T19:13:52.947Z",
    "user": 1,
    "content_type": 15,
    "object_id": "115",
    "object_repr": "Order 115",
    "action_flag": 3,
    "change_message": ""
  }
},
{
  "model": "admin.logentry",
  "pk": 196,
  "fields": {
    "action_time": "2024-02-10T19:13:52.955Z",
    "user": 1,
    "content_type": 15,
    "object_id": "114",
    "object_repr": "Order 114",
    "action_flag": 3,
    "change_message": ""
  }
},
{
  "model": "admin.logentry",
  "pk": 197,
  "fields": {
    "action_time": "2024-02-10T19:13:52.963Z",
    "user": 1,
    "content_type": 15,
    "object_id": "113",
    "object_repr": "Order 113",
    "action_flag": 3,
    "change_message": ""
  }
},
{
  "model": "admin.logentry",
  "pk": 198,
  "fields": {
    "action_time": "2024-02-10T19:13:52.970Z",
    "user": 1,
    "content_type": 15,
    "object_id": "112",
    "object_repr": "Order 112",
    "action_flag": 3,
    "change_message": ""
  }
},
{
  "model": "admin.logentry",
  "pk": 199,
  "fields": {
    "action_time": "2024-02-10T19:13:52.981Z",
    "user": 1,
    "content_type": 15,
    "object_id": "111",
    "object_repr": "Order 111",
    "action_flag": 3,
    "change_message": ""
  }
},
{
  "model": "admin.logentry",
  "pk": 200,
  "fields": {
    "action_time": "2024-02-10T19:13:52.988Z",
    "user": 1,
    "content_type": 15,
    "object_id": "110",
    "object_repr": "Order 110",
    "action_flag": 3,
    "change_message": ""
  }
},
{
  "model": "admin.logentry",
  "pk": 201,
  "fields": {
    "action_time": "2024-02-10T19:13:52.996Z",
    "user": 1,
    "content_type": 15,
    "object_id": "109",
    "object_repr": "Order 109",
    "action_flag": 3,
    "change_message": ""
  }
},
{
  "model": "admin.logentry",
  "pk": 202,
  "fields": {
    "action_time": "2024-02-10T19:13:53.003Z",
    "user": 1,
    "content_type": 15,
    "object_id": "108",
    "object_repr": "Order 108",
    "action_flag": 3,
    "change_message": ""
  }
},
{
  "model": "admin.logentry",
  "pk": 203,
  "fields": {
    "action_time": "2024-02-10T19:13:53.014Z",
    "user": 1,
    "content_type": 15,
    "object_id": "107",
    "object_repr": "Order 107",
    "action_flag": 3,
    "change_message": ""
  }
},
{
  "model": "admin.logentry",
  "pk": 204,
  "fields": {
    "action_time": "2024-02-10T19:13:53.021Z",
    "user": 1,
    "content_type": 15,
    "object_id": "106",
    "object_repr": "Order 106",
    "action_flag": 3,
    "change_message": ""
  }
},
{
  "model": "admin.logentry",
  "pk": 205,
  "fields": {
    "action_time": "2024-02-10T19:13:53.029Z",
    "user": 1,
    "content_type": 15,
    "object_id": "105",
    "object_repr": "Order 105",
    "action_flag": 3,
    "change_message": ""
  }
},
{
  "model": "admin.logentry",
  "pk": 206,
  "fields": {
    "action_time": "2024-02-10T19:13:53.036Z",
    "user": 1,
    "content_type": 15,
    "object_id": "104",
    "object_repr": "Order 104",
    "action_flag": 3,
    "change_message": ""
  }
},
{
  "model": "admin.logentry",
  "pk": 207,
  "fields": {
    "action_time": "2024-02-10T19:13:53.046Z",
    "user": 1,
    "content_type": 15,
    "object_id": "103",
    "object_repr": "Order 103",
    "action_flag": 3,
    "change_message": ""
  }
},
{
  "model": "admin.logentry",
  "pk": 208,
  "fields": {
    "action_time": "2024-02-10T19:13:53.053Z",
    "user": 1,
    "content_type": 15,
    "object_id": "102",
    "object_repr": "Order 102",
    "action_flag": 3,
    "change_message": ""
  }
},
{
  "model": "admin.logentry",
  "pk": 209,
  "fields": {
    "action_time": "2024-02-10T19:13:53.061Z",
    "user": 1,
    "content_type": 15,
    "object_id": "101",
    "object_repr": "Order 101",
    "action_flag": 3,
    "change_message": ""
  }
},
{
  "model": "admin.logentry",
  "pk": 210,
  "fields": {
    "action_time": "2024-02-10T19:13:53.069Z",
    "user": 1,
    "content_type": 15,
    "object_id": "100",
    "object_repr": "Order 100",
    "action_flag": 3,
    "change_message": ""
  }
},
{
  "model": "admin.logentry",
  "pk": 211,
  "fields": {
    "action_time": "2024-02-10T19:13:53.076Z",
    "user": 1,
    "content_type": 15,
    "object_id": "99",
    "object_repr": "Order 99",
    "action_flag": 3,
    "change_message": ""
  }
},
{
  "model": "admin.logentry",
  "pk": 212,
  "fields": {
    "action_time": "2024-02-10T19:13:53.086Z",
    "user": 1,
    "content_type": 15,
    "object_id": "98",
    "object_repr": "Order 98",
    "action_flag": 3,
    "change_message": ""
  }
},
{
  "model": "admin.logentry",
  "pk": 213,
  "fields": {
    "action_time": "2024-02-10T19:13:53.093Z",
    "user": 1,
    "content_type": 15,
    "object_id": "97",
    "object_repr": "Order 97",
    "action_flag": 3,
    "change_message": ""
  }
},
{
  "model": "admin.logentry",
  "pk": 214,
  "fields": {
    "action_time": "2024-02-10T19:13:53.100Z",
    "user": 1,
    "content_type": 15,
    "object_id": "96",
    "object_repr": "Order 96",
    "action_flag": 3,
    "change_message": ""
  }
},
{
  "model": "admin.logentry",
  "pk": 215,
  "fields": {
    "action_time": "2024-02-10T19:13:53.107Z",
    "user": 1,
    "content_type": 15,
    "object_id": "95",
    "object_repr": "Order 95",
    "action_flag": 3,
    "change_message": ""
  }
},
{
  "model": "admin.logentry",
  "pk": 216,
  "fields": {
    "action_time": "2024-02-10T19:13:53.114Z",
    "user": 1,
    "content_type": 15,
    "object_id": "94",
    "object_repr": "Order 94",
    "action_flag": 3,
    "change_message": ""
  }
},
{
  "model": "admin.logentry",
  "pk": 217,
  "fields": {
    "action_time": "2024-02-10T19:13:53.121Z",
    "user": 1,
    "content_type": 15,
    "object_id": "93",
    "object_repr": "Order 93",
    "action_flag": 3,
    "change_message": ""
  }
},
{
  "model": "admin.logentry",
  "pk": 218,
  "fields": {
    "action_time": "2024-02-10T19:13:53.131Z",
    "user": 1,
    "content_type": 15,
    "object_id": "92",
    "object_repr": "Order 92",
    "action_flag": 3,
    "change_message": ""
  }
},
{
  "model": "admin.logentry",
  "pk": 219,
  "fields": {
    "action_time": "2024-02-10T19:13:53.138Z",
    "user": 1,
    "content_type": 15,
    "object_id": "91",
    "object_repr": "Order 91",
    "action_flag": 3,
    "change_message": ""
  }
},
{
  "model": "admin.logentry",
  "pk": 220,
  "fields": {
    "action_time": "2024-02-10T19:13:53.149Z",
    "user": 1,
    "content_type": 15,
    "object_id": "90",
    "object_repr": "Order 90",
    "action_flag": 3,
    "change_message": ""
  }
},
{
  "model": "admin.logentry",
  "pk": 221,
  "fields": {
    "action_time": "2024-02-10T19:13:53.155Z",
    "user": 1,
    "content_type": 15,
    "object_id": "89",
    "object_repr": "Order 89",
    "action_flag": 3,
    "change_message": ""
  }
},
{
  "model": "admin.logentry",
  "pk": 222,
  "fields": {
    "action_time": "2024-02-10T19:13:53.163Z",
    "user": 1,
    "content_type": 15,
    "object_id": "88",
    "object_repr": "Order 88",
    "action_flag": 3,
    "change_message": ""
  }
},
{
  "model": "admin.logentry",
  "pk": 223,
  "fields": {
    "action_time": "2024-02-10T19:13:53.171Z",
    "user": 1,
    "content_type": 15,
    "object_id": "87",
    "object_repr": "Order 87",
    "action_flag": 3,
    "change_message": ""
  }
},
{
  "model": "admin.logentry",
  "pk": 224,
  "fields": {
    "action_time": "2024-02-10T19:13:53.181Z",
    "user": 1,
    "content_type": 15,
    "object_id": "86",
    "object_repr": "Order 86",
    "action_flag": 3,
    "change_message": ""
  }
},
{
  "model": "admin.logentry",
  "pk": 225,
  "fields": {
    "action_time": "2024-02-10T19:13:53.189Z",
    "user": 1,
    "content_type": 15,
    "object_id": "85",
    "object_repr": "Order 85",
    "action_flag": 3,
    "change_message": ""
  }
},
{
  "model": "admin.logentry",
  "pk": 226,
  "fields": {
    "action_time": "2024-02-10T19:13:53.197Z",
    "user": 1,
    "content_type": 15,
    "object_id": "84",
    "object_repr": "Order 84",
    "action_flag": 3,
    "change_message": ""
  }
},
{
  "model": "admin.logentry",
  "pk": 227,
  "fields": {
    "action_time": "2024-02-10T19:13:53.204Z",
    "user": 1,
    "content_type": 15,
    "object_id": "83",
    "object_repr": "Order 83",
    "action_flag": 3,
    "change_message": ""
  }
},
{
  "model": "admin.logentry",
  "pk": 228,
  "fields": {
    "action_time": "2024-02-10T19:13:53.211Z",
    "user": 1,
    "content_type": 15,
    "object_id": "82",
    "object_repr": "Order 82",
    "action_flag": 3,
    "change_message": ""
  }
},
{
  "model": "admin.logentry",
  "pk": 229,
  "fields": {
    "action_time": "2024-02-10T19:13:53.220Z",
    "user": 1,
    "content_type": 15,
    "object_id": "81",
    "object_repr": "Order 81",
    "action_flag": 3,
    "change_message": ""
  }
},
{
  "model": "admin.logentry",
  "pk": 230,
  "fields": {
    "action_time": "2024-02-10T19:13:53.232Z",
    "user": 1,
    "content_type": 15,
    "object_id": "80",
    "object_repr": "Order 80",
    "action_flag": 3,
    "change_message": ""
  }
},
{
  "model": "admin.logentry",
  "pk": 231,
  "fields": {
    "action_time": "2024-02-10T19:13:53.239Z",
    "user": 1,
    "content_type": 15,
    "object_id": "79",
    "object_repr": "Order 79",
    "action_flag": 3,
    "change_message": ""
  }
},
{
  "model": "admin.logentry",
  "pk": 232,
  "fields": {
    "action_time": "2024-02-10T19:13:53.248Z",
    "user": 1,
    "content_type": 15,
    "object_id": "78",
    "object_repr": "Order 78",
    "action_flag": 3,
    "change_message": ""
  }
},
{
  "model": "admin.logentry",
  "pk": 233,
  "fields": {
    "action_time": "2024-02-10T19:13:53.255Z",
    "user": 1,
    "content_type": 15,
    "object_id": "77",
    "object_repr": "Order 77",
    "action_flag": 3,
    "change_message": ""
  }
},
{
  "model": "admin.logentry",
  "pk": 234,
  "fields": {
    "action_time": "2024-02-10T19:13:53.264Z",
    "user": 1,
    "content_type": 15,
    "object_id": "76",
    "object_repr": "Order 76",
    "action_flag": 3,
    "change_message": ""
  }
},
{
  "model": "admin.logentry",
  "pk": 235,
  "fields": {
    "action_time": "2024-02-10T19:13:53.272Z",
    "user": 1,
    "content_type": 15,
    "object_id": "75",
    "object_repr": "Order 75",
    "action_flag": 3,
    "change_message": ""
  }
},
{
  "model": "admin.logentry",
  "pk": 236,
  "fields": {
    "action_time": "2024-02-10T19:14:01.938Z",
    "user": 1,
    "content_type": 15,
    "object_id": "74",
    "object_repr": "Order 74",
    "action_flag": 3,
    "change_message": ""
  }
},
{
  "model": "admin.logentry",
  "pk": 237,
  "fields": {
    "action_time": "2024-02-10T19:14:01.963Z",
    "user": 1,
    "content_type": 15,
    "object_id": "73",
    "object_repr": "Order 73",
    "action_flag": 3,
    "change_message": ""
  }
},
{
  "model": "admin.logentry",
  "pk": 238,
  "fields": {
    "action_time": "2024-02-10T19:14:01.970Z",
    "user": 1,
    "content_type": 15,
    "object_id": "72",
    "object_repr": "Order 72",
    "action_flag": 3,
    "change_message": ""
  }
},
{
  "model": "admin.logentry",
  "pk": 239,
  "fields": {
    "action_time": "2024-02-10T19:14:01.977Z",
    "user": 1,
    "content_type": 15,
    "object_id": "71",
    "object_repr": "Order 71",
    "action_flag": 3,
    "change_message": ""
  }
},
{
  "model": "admin.logentry",
  "pk": 240,
  "fields": {
    "action_time": "2024-02-10T19:14:01.985Z",
    "user": 1,
    "content_type": 15,
    "object_id": "70",
    "object_repr": "Order 70",
    "action_flag": 3,
    "change_message": ""
  }
},
{
  "model": "admin.logentry",
  "pk": 241,
  "fields": {
    "action_time": "2024-02-10T19:14:01.991Z",
    "user": 1,
    "content_type": 15,
    "object_id": "69",
    "object_repr": "Order 69",
    "action_flag": 3,
    "change_message": ""
  }
},
{
  "model": "admin.logentry",
  "pk": 242,
  "fields": {
    "action_time": "2024-02-10T19:14:01.998Z",
    "user": 1,
    "content_type": 15,
    "object_id": "68",
    "object_repr": "Order 68",
    "action_flag": 3,
    "change_message": ""
  }
},
{
  "model": "admin.logentry",
  "pk": 243,
  "fields": {
    "action_time": "2024-02-10T19:14:02.005Z",
    "user": 1,
    "content_type": 15,
    "object_id": "67",
    "object_repr": "Order 67",
    "action_flag": 3,
    "change_message": ""
  }
},
{
  "model": "admin.logentry",
  "pk": 244,
  "fields": {
    "action_time": "2024-02-10T19:14:02.012Z",
    "user": 1,
    "content_type": 15,
    "object_id": "66",
    "object_repr": "Order 66",
    "action_flag": 3,
    "change_message": ""
  }
},
{
  "model": "admin.logentry",
  "pk": 245,
  "fields": {
    "action_time": "2024-02-10T19:14:02.021Z",
    "user": 1,
    "content_type": 15,
    "object_id": "65",
    "object_repr": "Order 65",
    "action_flag": 3,
    "change_message": ""
  }
},
{
  "model": "admin.logentry",
  "pk": 246,
  "fields": {
    "action_time": "2024-02-10T19:14:02.029Z",
    "user": 1,
    "content_type": 15,
    "object_id": "64",
    "object_repr": "Order 64",
    "action_flag": 3,
    "change_message": ""
  }
},
{
  "model": "admin.logentry",
  "pk": 247,
  "fields": {
    "action_time": "2024-02-10T19:51:07.849Z",
    "user": 1,
    "content_type": 4,
    "object_id": "2",
    "object_repr": "pineaplle",
    "action_flag": 3,
    "change_message": ""
  }
},
{
  "model": "admin.logentry",
  "pk": 248,
  "fields": {
    "action_time": "2024-02-11T14:56:43.021Z",
    "user": 1,
    "content_type": 4,
    "object_id": "4",
    "object_repr": "mandarin",
    "action_flag": 3,
    "change_message": ""
  }
},
{
  "model": "admin.logentry",
  "pk": 249,
  "fields": {
    "action_time": "2024-02-11T14:56:43.057Z",
    "user": 1,
    "content_type": 4,
    "object_id": "3",
    "object_repr": "pineapple",
    "action_flag": 3,
    "change_message": ""
  }
},
{
  "model": "admin.logentry",
  "pk": 250,
  "fields": {
    "action_time": "2024-02-11T15:57:41.728Z",
    "user": 1,
    "content_type": 4,
    "object_id": "5",
    "object_repr": "pineapple",
    "action_flag": 3,
    "change_message": ""
  }
},
{
  "model": "admin.logentry",
  "pk": 251,
  "fields": {
    "action_time": "2024-02-12T20:02:03.261Z",
    "user": 1,
    "content_type": 4,
    "object_id": "6",
    "object_repr": "pineapple",
    "action_flag": 3,
    "change_message": ""
  }
},
{
  "model": "admin.logentry",
  "pk": 252,
  "fields": {
    "action_time": "2024-03-07T15:06:11.359Z",
    "user": 1,
    "content_type": 18,
    "object_id": "1",
    "object_repr": "SPRING",
    "action_flag": 1,
    "change_message": "[{\"added\": {}}]"
  }
},
{
  "model": "admin.logentry",
  "pk": 253,
  "fields": {
    "action_time": "2024-03-07T18:42:49.556Z",
    "user": 1,
    "content_type": 18,
    "object_id": "1",
    "object_repr": "SPRING",
    "action_flag": 2,
    "change_message": "[]"
  }
},
{
  "model": "admin.logentry",
  "pk": 254,
  "fields": {
    "action_time": "2024-03-07T18:48:09.500Z",
    "user": 1,
    "content_type": 18,
    "object_id": "1",
    "object_repr": "SPRING",
    "action_flag": 2,
    "change_message": "[{\"changed\": {\"fields\": [\"Valid to\"]}}]"
  }
},
{
  "model": "admin.logentry",
  "pk": 255,
  "fields": {
    "action_time": "2024-03-07T18:48:38.036Z",
    "user": 1,
    "content_type": 18,
    "object_id": "2",
    "object_repr": "summer",
    "action_flag": 1,
    "change_message": "[{\"added\": {}}]"
  }
},
{
  "model": "admin.logentry",
  "pk": 256,
  "fields": {
    "action_time": "2024-03-24T15:45:42.665Z",
    "user": 1,
    "content_type": 7,
    "object_id": "9",
    "object_repr": "Men",
    "action_flag": 2,
    "change_message": "[{\"changed\": {\"fields\": [\"Name\", \"Slug\"]}}]"
  }
},
{
  "model": "admin.logentry",
  "pk": 257,
  "fields": {
    "action_time": "2024-03-24T15:45:50.862Z",
    "user": 1,
    "content_type": 7,
    "object_id": "8",
    "object_repr": "Women",
    "action_flag": 2,
    "change_message": "[{\"changed\": {\"fields\": [\"Name\", \"Slug\"]}}]"
  }
},
{
  "model": "admin.logentry",
  "pk": 258,
  "fields": {
    "action_time": "2024-03-24T15:45:57.859Z",
    "user": 1,
    "content_type": 7,
    "object_id": "7",
    "object_repr": "Kids",
    "action_flag": 2,
    "change_message": "[{\"changed\": {\"fields\": [\"Name\", \"Slug\"]}}]"
  }
},
{
  "model": "admin.logentry",
  "pk": 259,
  "fields": {
    "action_time": "2024-03-24T15:47:10.751Z",
    "user": 1,
    "content_type": 9,
    "object_id": "2",
    "object_repr": "Men",
    "action_flag": 2,
    "change_message": "[{\"changed\": {\"fields\": [\"Name\"]}}]"
  }
},
{
  "model": "admin.logentry",
  "pk": 260,
  "fields": {
    "action_time": "2024-03-24T15:47:17.464Z",
    "user": 1,
    "content_type": 9,
    "object_id": "4",
    "object_repr": "Kids",
    "action_flag": 2,
    "change_message": "[{\"changed\": {\"fields\": [\"Name\"]}}]"
  }
},
{
  "model": "admin.logentry",
  "pk": 261,
  "fields": {
    "action_time": "2024-03-24T15:47:22.111Z",
    "user": 1,
    "content_type": 9,
    "object_id": "3",
    "object_repr": "Women",
    "action_flag": 2,
    "change_message": "[{\"changed\": {\"fields\": [\"Name\"]}}]"
  }
},
{
  "model": "admin.logentry",
  "pk": 262,
  "fields": {
    "action_time": "2024-03-24T15:48:24.320Z",
    "user": 1,
    "content_type": 9,
    "object_id": "4",
    "object_repr": "Kids",
    "action_flag": 2,
    "change_message": "[]"
  }
},
{
  "model": "admin.logentry",
  "pk": 263,
  "fields": {
    "action_time": "2024-03-24T16:09:53.859Z",
    "user": 1,
    "content_type": 9,
    "object_id": "4",
    "object_repr": "Hombres",
    "action_flag": 2,
    "change_message": "[{\"changed\": {\"fields\": [\"Name\", \"Slug\"]}}]"
  }
},
{
  "model": "admin.logentry",
  "pk": 264,
  "fields": {
    "action_time": "2024-03-24T16:10:03.432Z",
    "user": 1,
    "content_type": 9,
    "object_id": "4",
    "object_repr": "Men",
    "action_flag": 2,
    "change_message": "[{\"changed\": {\"fields\": [\"Name\", \"Slug\"]}}]"
  }
},
{
  "model": "admin.logentry",
  "pk": 265,
  "fields": {
    "action_time": "2024-03-24T16:10:11.005Z",
    "user": 1,
    "content_type": 9,
    "object_id": "4",
    "object_repr": "Hombres",
    "action_flag": 2,
    "change_message": "[]"
  }
},
{
  "model": "admin.logentry",
  "pk": 266,
  "fields": {
    "action_time": "2024-03-24T16:10:35.464Z",
    "user": 1,
    "content_type": 9,
    "object_id": "3",
    "object_repr": "Mujeres",
    "action_flag": 2,
    "change_message": "[{\"changed\": {\"fields\": [\"Name\", \"Slug\"]}}]"
  }
},
{
  "model": "admin.logentry",
  "pk": 267,
  "fields": {
    "action_time": "2024-03-24T16:10:41.700Z",
    "user": 1,
    "content_type": 9,
    "object_id": "3",
    "object_repr": "Women",
    "action_flag": 2,
    "change_message": "[{\"changed\": {\"fields\": [\"Name\", \"Slug\"]}}]"
  }
},
{
  "model": "admin.logentry",
  "pk": 268,
  "fields": {
    "action_time": "2024-03-24T16:10:48.652Z",
    "user": 1,
    "content_type": 9,
    "object_id": "3",
    "object_repr": "Women",
    "action_flag": 2,
    "change_message": "[]"
  }
},
{
  "model": "admin.logentry",
  "pk": 269,
  "fields": {
    "action_time": "2024-03-24T16:10:54.167Z",
    "user": 1,
    "content_type": 9,
    "object_id": "2",
    "object_repr": "Kids",
    "action_flag": 2,
    "change_message": "[{\"changed\": {\"fields\": [\"Name\", \"Slug\"]}}]"
  }
},
{
  "model": "admin.logentry",
  "pk": 270,
  "fields": {
    "action_time": "2024-03-24T16:12:30.953Z",
    "user": 1,
    "content_type": 9,
    "object_id": "2",
    "object_repr": "Nios",
    "action_flag": 2,
    "change_message": "[{\"changed\": {\"fields\": [\"Name\", \"Slug\"]}}]"
  }
},
{
  "model": "admin.logentry",
  "pk": 271,
  "fields": {
    "action_time": "2024-03-24T16:12:38.395Z",
    "user": 1,
    "content_type": 9,
    "object_id": "2",
    "object_repr": "Nios",
    "action_flag": 2,
    "change_message": "[]"
  }
},
{
  "model": "admin.logentry",
  "pk": 272,
  "fields": {
    "action_time": "2024-03-24T16:13:29.421Z",
    "user": 1,
    "content_type": 7,
    "object_id": "10",
    "object_repr": "Corriente",
    "action_flag": 1,
    "change_message": "[{\"added\": {}}]"
  }
},
{
  "model": "admin.logentry",
  "pk": 273,
  "fields": {
    "action_time": "2024-03-24T16:13:43.687Z",
    "user": 1,
    "content_type": 7,
    "object_id": "10",
    "object_repr": "running",
    "action_flag": 2,
    "change_message": "[{\"changed\": {\"fields\": [\"Name\", \"Slug\"]}}]"
  }
},
{
  "model": "admin.logentry",
  "pk": 274,
  "fields": {
    "action_time": "2024-03-24T16:13:56.734Z",
    "user": 1,
    "content_type": 7,
    "object_id": "9",
    "object_repr": "runnings",
    "action_flag": 2,
    "change_message": "[{\"changed\": {\"fields\": [\"Name\"]}}]"
  }
},
{
  "model": "admin.logentry",
  "pk": 275,
  "fields": {
    "action_time": "2024-03-24T16:14:05.354Z",
    "user": 1,
    "content_type": 7,
    "object_id": "10",
    "object_repr": "running",
    "action_flag": 3,
    "change_message": ""
  }
},
{
  "model": "admin.logentry",
  "pk": 276,
  "fields": {
    "action_time": "2024-03-24T16:14:22.567Z",
    "user": 1,
    "content_type": 7,
    "object_id": "9",
    "object_repr": "corriente",
    "action_flag": 2,
    "change_message": "[{\"changed\": {\"fields\": [\"Name\", \"Slug\"]}}]"
  }
},
{
  "model": "admin.logentry",
  "pk": 277,
  "fields": {
    "action_time": "2024-03-24T16:14:40.208Z",
    "user": 1,
    "content_type": 7,
    "object_id": "9",
    "object_repr": "running",
    "action_flag": 2,
    "change_message": "[{\"changed\": {\"fields\": [\"Name\", \"Slug\"]}}]"
  }
},
{
  "model": "admin.logentry",
  "pk": 278,
  "fields": {
    "action_time": "2024-03-24T16:14:46.686Z",
    "user": 1,
    "content_type": 7,
    "object_id": "9",
    "object_repr": "running",
    "action_flag": 2,
    "change_message": "[]"
  }
},
{
  "model": "admin.logentry",
  "pk": 279,
  "fields": {
    "action_time": "2024-03-24T16:14:59.900Z",
    "user": 1,
    "content_type": 7,
    "object_id": "8",
    "object_repr": "boots",
    "action_flag": 2,
    "change_message": "[{\"changed\": {\"fields\": [\"Name\", \"Slug\"]}}]"
  }
},
{
  "model": "admin.logentry",
  "pk": 280,
  "fields": {
    "action_time": "2024-03-24T16:15:15.516Z",
    "user": 1,
    "content_type": 7,
    "object_id": "8",
    "object_repr": "Botas",
    "action_flag": 2,
    "change_message": "[{\"changed\": {\"fields\": [\"Name\", \"Slug\"]}}]"
  }
},
{
  "model": "admin.logentry",
  "pk": 281,
  "fields": {
    "action_time": "2024-03-24T16:15:20.787Z",
    "user": 1,
    "content_type": 7,
    "object_id": "8",
    "object_repr": "boots",
    "action_flag": 2,
    "change_message": "[]"
  }
},
{
  "model": "admin.logentry",
  "pk": 282,
  "fields": {
    "action_time": "2024-03-24T16:15:31.481Z",
    "user": 1,
    "content_type": 7,
    "object_id": "7",
    "object_repr": "all terrain",
    "action_flag": 2,
    "change_message": "[{\"changed\": {\"fields\": [\"Name\", \"Slug\"]}}]"
  }
},
{
  "model": "admin.logentry",
  "pk": 283,
  "fields": {
    "action_time": "2024-03-24T16:15:45.240Z",
    "user": 1,
    "content_type": 7,
    "object_id": "7",
    "object_repr": "all terrain",
    "action_flag": 2,
    "change_message": "[{\"changed\": {\"fields\": [\"Slug\"]}}]"
  }
},
{
  "model": "admin.logentry",
  "pk": 284,
  "fields": {
    "action_time": "2024-03-24T16:16:04.943Z",
    "user": 1,
    "content_type": 7,
    "object_id": "7",
    "object_repr": "Todo terreno",
    "action_flag": 2,
    "change_message": "[{\"changed\": {\"fields\": [\"Name\", \"Slug\"]}}]"
  }
},
{
  "model": "admin.logentry",
  "pk": 285,
  "fields": {
    "action_time": "2024-03-24T16:19:02.931Z",
    "user": 1,
    "content_type": 8,
    "object_id": "7",
    "object_repr": "Owly walkers",
    "action_flag": 2,
    "change_message": "[{\"changed\": {\"fields\": [\"Name\", \"Slug\", \"Description\"]}}]"
  }
},
{
  "model": "admin.logentry",
  "pk": 286,
  "fields": {
    "action_time": "2024-03-24T16:19:36.601Z",
    "user": 1,
    "content_type": 8,
    "object_id": "7",
    "object_repr": "ES Owly walker",
    "action_flag": 2,
    "change_message": "[{\"changed\": {\"fields\": [\"Name\", \"Slug\", \"Description\"]}}]"
  }
},
{
  "model": "admin.logentry",
  "pk": 287,
  "fields": {
    "action_time": "2024-03-24T16:19:49.367Z",
    "user": 1,
    "content_type": 8,
    "object_id": "7",
    "object_repr": "ES Owly walker",
    "action_flag": 2,
    "change_message": "[{\"changed\": {\"fields\": [\"Size\"]}}]"
  }
},
{
  "model": "admin.logentry",
  "pk": 288,
  "fields": {
    "action_time": "2024-03-24T16:20:50.269Z",
    "user": 1,
    "content_type": 8,
    "object_id": "6",
    "object_repr": "Men owly shoes",
    "action_flag": 2,
    "change_message": "[{\"changed\": {\"fields\": [\"Name\", \"Slug\", \"Description\"]}}]"
  }
},
{
  "model": "admin.logentry",
  "pk": 289,
  "fields": {
    "action_time": "2024-03-24T16:21:25.881Z",
    "user": 1,
    "content_type": 8,
    "object_id": "6",
    "object_repr": "ES MEN Owly walker",
    "action_flag": 2,
    "change_message": "[{\"changed\": {\"fields\": [\"Name\", \"Slug\", \"Description\"]}}]"
  }
},
{
  "model": "admin.logentry",
  "pk": 290,
  "fields": {
    "action_time": "2024-03-24T16:22:06.986Z",
    "user": 1,
    "content_type": 8,
    "object_id": "5",
    "object_repr": "Mega boots",
    "action_flag": 2,
    "change_message": "[{\"changed\": {\"fields\": [\"Name\", \"Slug\", \"Description\"]}}]"
  }
},
{
  "model": "admin.logentry",
  "pk": 291,
  "fields": {
    "action_time": "2024-03-24T16:22:33.683Z",
    "user": 1,
    "content_type": 8,
    "object_id": "5",
    "object_repr": "ES KIds all terrain",
    "action_flag": 2,
    "change_message": "[{\"changed\": {\"fields\": [\"Name\", \"Slug\", \"Description\"]}}]"
  }
},
{
  "model": "admin.logentry",
  "pk": 292,
  "fields": {
    "action_time": "2024-03-24T16:24:03.153Z",
    "user": 1,
    "content_type": 8,
    "object_id": "4",
    "object_repr": "Boots for her",
    "action_flag": 2,
    "change_message": "[{\"changed\": {\"fields\": [\"Type\", \"Name\", \"Slug\", \"Description\"]}}]"
  }
},
{
  "model": "admin.logentry",
  "pk": 293,
  "fields": {
    "action_time": "2024-03-24T16:24:26.762Z",
    "user": 1,
    "content_type": 8,
    "object_id": "4",
    "object_repr": "ES Boots for her",
    "action_flag": 2,
    "change_message": "[{\"changed\": {\"fields\": [\"Name\", \"Slug\", \"Description\"]}}]"
  }
},
{
  "model": "admin.logentry",
  "pk": 294,
  "fields": {
    "action_time": "2024-03-24T16:27:30.878Z",
    "user": 1,
    "content_type": 8,
    "object_id": "3",
    "object_repr": "Titan Boots",
    "action_flag": 2,
    "change_message": "[{\"changed\": {\"fields\": [\"Type\", \"Size\", \"Name\", \"Slug\", \"Description\"]}}]"
  }
},
{
  "model": "admin.logentry",
  "pk": 295,
  "fields": {
    "action_time": "2024-03-24T16:27:59.363Z",
    "user": 1,
    "content_type": 8,
    "object_id": "3",
    "object_repr": "ES Titanius bootius",
    "action_flag": 2,
    "change_message": "[{\"changed\": {\"fields\": [\"Name\", \"Slug\", \"Description\"]}}]"
  }
},
{
  "model": "admin.logentry",
  "pk": 296,
  "fields": {
    "action_time": "2024-03-24T16:53:34.125Z",
    "user": 1,
    "content_type": 7,
    "object_id": "8",
    "object_repr": "botas",
    "action_flag": 2,
    "change_message": "[{\"changed\": {\"fields\": [\"Name\"]}}]"
  }
},
{
  "model": "admin.logentry",
  "pk": 297,
  "fields": {
    "action_time": "2024-03-24T16:53:44.075Z",
    "user": 1,
    "content_type": 7,
    "object_id": "7",
    "object_repr": "todo terreno",
    "action_flag": 2,
    "change_message": "[{\"changed\": {\"fields\": [\"Name\"]}}]"
  }
},
{
  "model": "admin.logentry",
  "pk": 298,
  "fields": {
    "action_time": "2024-03-24T19:39:32.436Z",
    "user": 1,
    "content_type": 8,
    "object_id": "7",
    "object_repr": "Owly walkers",
    "action_flag": 2,
    "change_message": "[{\"changed\": {\"fields\": [\"Size\"]}}]"
  }
},
{
  "model": "admin.logentry",
  "pk": 299,
  "fields": {
    "action_time": "2024-03-24T19:39:49.616Z",
    "user": 1,
    "content_type": 8,
    "object_id": "3",
    "object_repr": "Titan Boots",
    "action_flag": 2,
    "change_message": "[{\"changed\": {\"fields\": [\"Size\"]}}]"
  }
},
{
  "model": "admin.logentry",
  "pk": 300,
  "fields": {
    "action_time": "2024-05-15T16:07:44.789Z",
    "user": 1,
    "content_type": 8,
    "object_id": "7",
    "object_repr": "Owly walkers",
    "action_flag": 3,
    "change_message": ""
  }
},
{
  "model": "admin.logentry",
  "pk": 301,
  "fields": {
    "action_time": "2024-05-15T16:07:44.827Z",
    "user": 1,
    "content_type": 8,
    "object_id": "6",
    "object_repr": "Men owly shoes",
    "action_flag": 3,
    "change_message": ""
  }
},
{
  "model": "admin.logentry",
  "pk": 302,
  "fields": {
    "action_time": "2024-05-15T16:07:44.834Z",
    "user": 1,
    "content_type": 8,
    "object_id": "5",
    "object_repr": "Mega boots",
    "action_flag": 3,
    "change_message": ""
  }
},
{
  "model": "admin.logentry",
  "pk": 303,
  "fields": {
    "action_time": "2024-05-15T16:07:44.839Z",
    "user": 1,
    "content_type": 8,
    "object_id": "4",
    "object_repr": "Boots for her",
    "action_flag": 3,
    "change_message": ""
  }
},
{
  "model": "admin.logentry",
  "pk": 304,
  "fields": {
    "action_time": "2024-05-15T16:07:44.845Z",
    "user": 1,
    "content_type": 8,
    "object_id": "3",
    "object_repr": "Titan Boots",
    "action_flag": 3,
    "change_message": ""
  }
},
{
  "model": "admin.logentry",
  "pk": 305,
  "fields": {
    "action_time": "2024-05-15T18:58:20.263Z",
    "user": 1,
    "content_type": 7,
    "object_id": "7",
    "object_repr": "casual",
    "action_flag": 2,
    "change_message": "[{\"changed\": {\"fields\": [\"Name\", \"Slug\"]}}]"
  }
},
{
  "model": "admin.logentry",
  "pk": 306,
  "fields": {
    "action_time": "2024-05-15T18:59:16.835Z",
    "user": 1,
    "content_type": 7,
    "object_id": "7",
    "object_repr": "all terrain",
    "action_flag": 2,
    "change_message": "[]"
  }
},
{
  "model": "admin.logentry",
  "pk": 307,
  "fields": {
    "action_time": "2024-05-15T18:59:23.774Z",
    "user": 1,
    "content_type": 7,
    "object_id": "7",
    "object_repr": "casual",
    "action_flag": 2,
    "change_message": "[{\"changed\": {\"fields\": [\"Name\"]}}]"
  }
},
{
  "model": "admin.logentry",
  "pk": 308,
  "fields": {
    "action_time": "2024-05-15T19:00:09.200Z",
    "user": 1,
    "content_type": 7,
    "object_id": "7",
    "object_repr": "casual",
    "action_flag": 2,
    "change_message": "[{\"changed\": {\"fields\": [\"Slug\"]}}]"
  }
},
{
  "model": "admin.logentry",
  "pk": 309,
  "fields": {
    "action_time": "2024-05-15T19:00:17.495Z",
    "user": 1,
    "content_type": 7,
    "object_id": "7",
    "object_repr": "casual",
    "action_flag": 2,
    "change_message": "[{\"changed\": {\"fields\": [\"Slug\"]}}]"
  }
},
{
  "model": "admin.logentry",
  "pk": 310,
  "fields": {
    "action_time": "2024-05-15T19:00:58.758Z",
    "user": 1,
    "content_type": 7,
    "object_id": "7",
    "object_repr": "casual",
    "action_flag": 2,
    "change_message": "[{\"changed\": {\"fields\": [\"Slug\"]}}]"
  }
},
{
  "model": "admin.logentry",
  "pk": 311,
  "fields": {
    "action_time": "2024-05-16T16:22:56.206Z",
    "user": 1,
    "content_type": 10,
    "object_id": "23",
    "object_repr": "2.5",
    "action_flag": 1,
    "change_message": "[{\"added\": {}}]"
  }
},
{
  "model": "admin.logentry",
  "pk": 312,
  "fields": {
    "action_time": "2024-05-16T16:23:24.569Z",
    "user": 1,
    "content_type": 10,
    "object_id": "24",
    "object_repr": "3.0",
    "action_flag": 1,
    "change_message": "[{\"added\": {}}]"
  }
},
{
  "model": "admin.logentry",
  "pk": 313,
  "fields": {
    "action_time": "2024-05-16T16:23:36.394Z",
    "user": 1,
    "content_type": 10,
    "object_id": "25",
    "object_repr": "4.0",
    "action_flag": 1,
    "change_message": "[{\"added\": {}}]"
  }
},
{
  "model": "admin.logentry",
  "pk": 314,
  "fields": {
    "action_time": "2024-05-16T16:24:04.578Z",
    "user": 1,
    "content_type": 10,
    "object_id": "26",
    "object_repr": "5.5",
    "action_flag": 1,
    "change_message": "[{\"added\": {}}]"
  }
},
{
  "model": "admin.logentry",
  "pk": 315,
  "fields": {
    "action_time": "2024-05-16T16:32:33.003Z",
    "user": 1,
    "content_type": 8,
    "object_id": "8",
    "object_repr": "Sniks",
    "action_flag": 1,
    "change_message": "[{\"added\": {}}]"
  }
},
{
  "model": "admin.logentry",
  "pk": 316,
  "fields": {
    "action_time": "2024-05-16T16:32:56.472Z",
    "user": 1,
    "content_type": 8,
    "object_id": "8",
    "object_repr": "Sniks",
    "action_flag": 2,
    "change_message": "[{\"changed\": {\"fields\": [\"Name\", \"Slug\", \"Description\"]}}]"
  }
},
{
  "model": "admin.logentry",
  "pk": 317,
  "fields": {
    "action_time": "2024-05-16T16:36:17.785Z",
    "user": 1,
    "content_type": 10,
    "object_id": "27",
    "object_repr": "11",
    "action_flag": 1,
    "change_message": "[{\"added\": {}}]"
  }
},
{
  "model": "admin.logentry",
  "pk": 318,
  "fields": {
    "action_time": "2024-05-16T16:36:27.814Z",
    "user": 1,
    "content_type": 10,
    "object_id": "28",
    "object_repr": "11.5",
    "action_flag": 1,
    "change_message": "[{\"added\": {}}]"
  }
},
{
  "model": "admin.logentry",
  "pk": 319,
  "fields": {
    "action_time": "2024-05-16T16:36:34.453Z",
    "user": 1,
    "content_type": 10,
    "object_id": "29",
    "object_repr": "12",
    "action_flag": 1,
    "change_message": "[{\"added\": {}}]"
  }
},
{
  "model": "admin.logentry",
  "pk": 320,
  "fields": {
    "action_time": "2024-05-16T16:36:40.382Z",
    "user": 1,
    "content_type": 10,
    "object_id": "30",
    "object_repr": "12.5",
    "action_flag": 1,
    "change_message": "[{\"added\": {}}]"
  }
},
{
  "model": "admin.logentry",
  "pk": 321,
  "fields": {
    "action_time": "2024-05-16T16:37:09.129Z",
    "user": 1,
    "content_type": 10,
    "object_id": "31",
    "object_repr": "9",
    "action_flag": 1,
    "change_message": "[{\"added\": {}}]"
  }
},
{
  "model": "admin.logentry",
  "pk": 322,
  "fields": {
    "action_time": "2024-05-16T17:02:00.651Z",
    "user": 1,
    "content_type": 8,
    "object_id": "9",
    "object_repr": "VolocityPro",
    "action_flag": 1,
    "change_message": "[{\"added\": {}}]"
  }
},
{
  "model": "admin.logentry",
  "pk": 323,
  "fields": {
    "action_time": "2024-05-16T17:02:16.893Z",
    "user": 1,
    "content_type": 8,
    "object_id": "9",
    "object_repr": "VolocityPro",
    "action_flag": 2,
    "change_message": "[{\"changed\": {\"fields\": [\"Name\", \"Slug\", \"Description\"]}}]"
  }
},
{
  "model": "admin.logentry",
  "pk": 324,
  "fields": {
    "action_time": "2024-05-16T17:05:21.025Z",
    "user": 1,
    "content_type": 10,
    "object_id": "32",
    "object_repr": "10",
    "action_flag": 1,
    "change_message": "[{\"added\": {}}]"
  }
},
{
  "model": "admin.logentry",
  "pk": 325,
  "fields": {
    "action_time": "2024-05-16T17:09:22.401Z",
    "user": 1,
    "content_type": 8,
    "object_id": "10",
    "object_repr": "Heeled Booties",
    "action_flag": 1,
    "change_message": "[{\"added\": {}}]"
  }
},
{
  "model": "admin.logentry",
  "pk": 326,
  "fields": {
    "action_time": "2024-05-16T17:10:48.217Z",
    "user": 1,
    "content_type": 8,
    "object_id": "10",
    "object_repr": "Heeled Booties",
    "action_flag": 2,
    "change_message": "[{\"changed\": {\"fields\": [\"Name\", \"Slug\", \"Description\"]}}]"
  }
},
{
  "model": "admin.logentry",
  "pk": 327,
  "fields": {
    "action_time": "2024-05-16T17:12:49.735Z",
    "user": 1,
    "content_type": 8,
    "object_id": "11",
    "object_repr": "snow boots",
    "action_flag": 1,
    "change_message": "[{\"added\": {}}]"
  }
},
{
  "model": "admin.logentry",
  "pk": 328,
  "fields": {
    "action_time": "2024-05-16T17:13:39.040Z",
    "user": 1,
    "content_type": 8,
    "object_id": "11",
    "object_repr": "snow boots",
    "action_flag": 2,
    "change_message": "[{\"changed\": {\"fields\": [\"Name\", \"Slug\", \"Description\"]}}]"
  }
},
{
  "model": "admin.logentry",
  "pk": 329,
  "fields": {
    "action_time": "2024-05-16T17:16:47.380Z",
    "user": 1,
    "content_type": 8,
    "object_id": "12",
    "object_repr": "Faux leather boots",
    "action_flag": 1,
    "change_message": "[{\"added\": {}}]"
  }
},
{
  "model": "admin.logentry",
  "pk": 330,
  "fields": {
    "action_time": "2024-05-16T17:17:55.915Z",
    "user": 1,
    "content_type": 8,
    "object_id": "12",
    "object_repr": "Botas de piel sinttica",
    "action_flag": 2,
    "change_message": "[{\"changed\": {\"fields\": [\"Name\", \"Slug\", \"Description\"]}}]"
  }
},
{
  "model": "admin.logentry",
  "pk": 331,
  "fields": {
    "action_time": "2024-05-16T17:18:23.105Z",
    "user": 1,
    "content_type": 8,
    "object_id": "11",
    "object_repr": "botas de nieve",
    "action_flag": 2,
    "change_message": "[{\"changed\": {\"fields\": [\"Name\"]}}]"
  }
},
{
  "model": "admin.logentry",
  "pk": 332,
  "fields": {
    "action_time": "2024-05-16T17:18:48.142Z",
    "user": 1,
    "content_type": 8,
    "object_id": "10",
    "object_repr": "Botines de tacn",
    "action_flag": 2,
    "change_message": "[{\"changed\": {\"fields\": [\"Name\"]}}]"
  }
},
{
  "model": "admin.logentry",
  "pk": 333,
  "fields": {
    "action_time": "2024-05-16T17:27:07.337Z",
    "user": 1,
    "content_type": 8,
    "object_id": "13",
    "object_repr": "CloudWalk",
    "action_flag": 1,
    "change_message": "[{\"added\": {}}]"
  }
},
{
  "model": "admin.logentry",
  "pk": 334,
  "fields": {
    "action_time": "2024-05-16T17:36:30.090Z",
    "user": 1,
    "content_type": 10,
    "object_id": "33",
    "object_repr": "9.5",
    "action_flag": 1,
    "change_message": "[{\"added\": {}}]"
  }
},
{
  "model": "admin.logentry",
  "pk": 335,
  "fields": {
    "action_time": "2024-05-16T17:42:25.491Z",
    "user": 1,
    "content_type": 8,
    "object_id": "14",
    "object_repr": "Flex Slips",
    "action_flag": 1,
    "change_message": "[{\"added\": {}}]"
  }
},
{
  "model": "admin.logentry",
  "pk": 336,
  "fields": {
    "action_time": "2024-05-16T17:42:58.341Z",
    "user": 1,
    "content_type": 8,
    "object_id": "14",
    "object_repr": "Flex Slips",
    "action_flag": 2,
    "change_message": "[{\"changed\": {\"fields\": [\"Name\", \"Slug\", \"Description\"]}}]"
  }
},
{
  "model": "admin.logentry",
  "pk": 337,
  "fields": {
    "action_time": "2024-05-16T17:53:05.870Z",
    "user": 1,
    "content_type": 8,
    "object_id": "15",
    "object_repr": "Monochromatic",
    "action_flag": 1,
    "change_message": "[{\"added\": {}}]"
  }
},
{
  "model": "admin.logentry",
  "pk": 338,
  "fields": {
    "action_time": "2024-05-16T17:54:23.505Z",
    "user": 1,
    "content_type": 8,
    "object_id": "15",
    "object_repr": "Monocromtica",
    "action_flag": 2,
    "change_message": "[{\"changed\": {\"fields\": [\"Name\", \"Slug\", \"Description\"]}}]"
  }
},
{
  "model": "admin.logentry",
  "pk": 339,
  "fields": {
    "action_time": "2024-05-16T17:54:35.574Z",
    "user": 1,
    "content_type": 8,
    "object_id": "11",
    "object_repr": "Snow boots",
    "action_flag": 2,
    "change_message": "[{\"changed\": {\"fields\": [\"Name\"]}}]"
  }
},
{
  "model": "admin.logentry",
  "pk": 340,
  "fields": {
    "action_time": "2024-05-16T17:58:40.273Z",
    "user": 1,
    "content_type": 8,
    "object_id": "16",
    "object_repr": "SnowTrekker",
    "action_flag": 1,
    "change_message": "[{\"added\": {}}]"
  }
},
{
  "model": "admin.logentry",
  "pk": 341,
  "fields": {
    "action_time": "2024-05-16T17:59:24.049Z",
    "user": 1,
    "content_type": 8,
    "object_id": "16",
    "object_repr": "SnowTrekker",
    "action_flag": 2,
    "change_message": "[{\"changed\": {\"fields\": [\"Name\", \"Slug\", \"Description\"]}}]"
  }
},
{
  "model": "admin.logentry",
  "pk": 342,
  "fields": {
    "action_time": "2024-05-16T19:00:02.152Z",
    "user": 1,
    "content_type": 8,
    "object_id": "17",
    "object_repr": "ArcticLander",
    "action_flag": 1,
    "change_message": "[{\"added\": {}}]"
  }
},
{
  "model": "admin.logentry",
  "pk": 343,
  "fields": {
    "action_time": "2024-05-16T19:00:59.752Z",
    "user": 1,
    "content_type": 8,
    "object_id": "17",
    "object_repr": "ArcticLander",
    "action_flag": 2,
    "change_message": "[{\"changed\": {\"fields\": [\"Name\", \"Slug\", \"Description\"]}}]"
  }
},
{
  "model": "admin.logentry",
  "pk": 344,
  "fields": {
    "action_time": "2024-05-16T19:06:17.829Z",
    "user": 1,
    "content_type": 8,
    "object_id": "18",
    "object_repr": "CityComfort",
    "action_flag": 1,
    "change_message": "[{\"added\": {}}]"
  }
},
{
  "model": "admin.logentry",
  "pk": 345,
  "fields": {
    "action_time": "2024-05-16T19:07:28.628Z",
    "user": 1,
    "content_type": 8,
    "object_id": "18",
    "object_repr": "Ci",
    "action_flag": 2,
    "change_message": "[{\"changed\": {\"fields\": [\"Name\", \"Slug\", \"Description\"]}}]"
  }
},
{
  "model": "admin.logentry",
  "pk": 346,
  "fields": {
    "action_time": "2024-05-16T19:07:49.455Z",
    "user": 1,
    "content_type": 8,
    "object_id": "18",
    "object_repr": "CityComfort",
    "action_flag": 2,
    "change_message": "[{\"changed\": {\"fields\": [\"Name\", \"Slug\"]}}]"
  }
},
{
  "model": "admin.logentry",
  "pk": 347,
  "fields": {
    "action_time": "2024-05-16T19:09:27.360Z",
    "user": 1,
    "content_type": 8,
    "object_id": "19",
    "object_repr": "UrbanRunners",
    "action_flag": 1,
    "change_message": "[{\"added\": {}}]"
  }
},
{
  "model": "admin.logentry",
  "pk": 348,
  "fields": {
    "action_time": "2024-05-16T19:10:42.577Z",
    "user": 1,
    "content_type": 8,
    "object_id": "19",
    "object_repr": "UrbanRunners",
    "action_flag": 2,
    "change_message": "[{\"changed\": {\"fields\": [\"Name\", \"Slug\", \"Description\"]}}]"
  }
},
{
  "model": "admin.logentry",
  "pk": 349,
  "fields": {
    "action_time": "2024-05-16T19:16:02.808Z",
    "user": 1,
    "content_type": 8,
    "object_id": "20",
    "object_repr": "blue runners",
    "action_flag": 1,
    "change_message": "[{\"added\": {}}]"
  }
},
{
  "model": "admin.logentry",
  "pk": 350,
  "fields": {
    "action_time": "2024-05-16T19:16:30.621Z",
    "user": 1,
    "content_type": 8,
    "object_id": "20",
    "object_repr": "BlueRunners",
    "action_flag": 2,
    "change_message": "[{\"changed\": {\"fields\": [\"Name\"]}}]"
  }
},
{
  "model": "admin.logentry",
  "pk": 351,
  "fields": {
    "action_time": "2024-05-16T19:16:57.839Z",
    "user": 1,
    "content_type": 8,
    "object_id": "20",
    "object_repr": "BlueRunners",
    "action_flag": 2,
    "change_message": "[{\"changed\": {\"fields\": [\"Name\", \"Slug\", \"Description\"]}}]"
  }
},
{
  "model": "admin.logentry",
  "pk": 352,
  "fields": {
    "action_time": "2024-05-16T19:19:16.894Z",
    "user": 1,
    "content_type": 8,
    "object_id": "13",
    "object_repr": "CloudWalk",
    "action_flag": 2,
    "change_message": "[{\"changed\": {\"fields\": [\"Size\"]}}]"
  }
},
{
  "model": "admin.logentry",
  "pk": 353,
  "fields": {
    "action_time": "2024-05-16T19:24:29.547Z",
    "user": 1,
    "content_type": 8,
    "object_id": "21",
    "object_repr": "Adventure Seeker",
    "action_flag": 1,
    "change_message": "[{\"added\": {}}]"
  }
},
{
  "model": "admin.logentry",
  "pk": 354,
  "fields": {
    "action_time": "2024-05-16T19:25:45.186Z",
    "user": 1,
    "content_type": 8,
    "object_id": "21",
    "object_repr": "Adventure Seeker",
    "action_flag": 2,
    "change_message": "[{\"changed\": {\"fields\": [\"Name\", \"Slug\", \"Description\"]}}]"
  }
},
{
  "model": "admin.logentry",
  "pk": 355,
  "fields": {
    "action_time": "2024-05-16T19:27:37.006Z",
    "user": 1,
    "content_type": 10,
    "object_id": "34",
    "object_repr": "6",
    "action_flag": 1,
    "change_message": "[{\"added\": {}}]"
  }
},
{
  "model": "admin.logentry",
  "pk": 356,
  "fields": {
    "action_time": "2024-05-16T19:33:45.083Z",
    "user": 1,
    "content_type": 8,
    "object_id": "22",
    "object_repr": "Puddle Jumpers",
    "action_flag": 1,
    "change_message": "[{\"added\": {}}]"
  }
},
{
  "model": "admin.logentry",
  "pk": 357,
  "fields": {
    "action_time": "2024-05-16T19:34:22.608Z",
    "user": 1,
    "content_type": 8,
    "object_id": "22",
    "object_repr": "Puddle Jumpers",
    "action_flag": 2,
    "change_message": "[{\"changed\": {\"fields\": [\"Name\", \"Slug\", \"Description\"]}}]"
  }
},
{
  "model": "admin.logentry",
  "pk": 358,
  "fields": {
    "action_time": "2024-05-16T19:37:31.744Z",
    "user": 1,
    "content_type": 8,
    "object_id": "21",
    "object_repr": "Adventure Seeker",
    "action_flag": 2,
    "change_message": "[{\"changed\": {\"fields\": [\"Image\", \"Image 3\"]}}]"
  }
},
{
  "model": "admin.logentry",
  "pk": 359,
  "fields": {
    "action_time": "2024-05-16T19:45:57.137Z",
    "user": 1,
    "content_type": 8,
    "object_id": "23",
    "object_repr": "PuddleMeasurer",
    "action_flag": 1,
    "change_message": "[{\"added\": {}}]"
  }
},
{
  "model": "admin.logentry",
  "pk": 360,
  "fields": {
    "action_time": "2024-05-16T19:46:15.820Z",
    "user": 1,
    "content_type": 8,
    "object_id": "23",
    "object_repr": "PuddleMeasurer",
    "action_flag": 2,
    "change_message": "[{\"changed\": {\"fields\": [\"Name\", \"Slug\", \"Description\"]}}]"
  }
},
{
  "model": "admin.logentry",
  "pk": 361,
  "fields": {
    "action_time": "2024-05-16T19:47:56.850Z",
    "user": 1,
    "content_type": 8,
    "object_id": "23",
    "object_repr": "PuddleMeasurer",
    "action_flag": 2,
    "change_message": "[{\"changed\": {\"fields\": [\"Description\"]}}]"
  }
},
{
  "model": "admin.logentry",
  "pk": 362,
  "fields": {
    "action_time": "2024-05-16T19:55:51.106Z",
    "user": 1,
    "content_type": 8,
    "object_id": "23",
    "object_repr": "PuddleMeasurer",
    "action_flag": 2,
    "change_message": "[{\"changed\": {\"fields\": [\"Image\", \"Image 2\", \"Image 3\"]}}]"
  }
},
{
  "model": "admin.logentry",
  "pk": 363,
  "fields": {
    "action_time": "2024-05-16T19:57:02.389Z",
    "user": 1,
    "content_type": 8,
    "object_id": "23",
    "object_repr": "PuddleMeasurer",
    "action_flag": 2,
    "change_message": "[{\"changed\": {\"fields\": [\"Image\", \"Image 2\"]}}]"
  }
},
{
  "model": "admin.logentry",
  "pk": 364,
  "fields": {
    "action_time": "2024-05-16T20:01:47.392Z",
    "user": 1,
    "content_type": 8,
    "object_id": "18",
    "object_repr": "CityComfort",
    "action_flag": 2,
    "change_message": "[{\"changed\": {\"fields\": [\"Image\"]}}]"
  }
},
{
  "model": "admin.logentry",
  "pk": 365,
  "fields": {
    "action_time": "2024-05-16T20:04:34.714Z",
    "user": 1,
    "content_type": 8,
    "object_id": "18",
    "object_repr": "CityComfort",
    "action_flag": 2,
    "change_message": "[{\"changed\": {\"fields\": [\"Image\"]}}]"
  }
},
{
  "model": "admin.logentry",
  "pk": 366,
  "fields": {
    "action_time": "2024-05-16T20:06:45.192Z",
    "user": 1,
    "content_type": 8,
    "object_id": "18",
    "object_repr": "CityComfort",
    "action_flag": 2,
    "change_message": "[{\"changed\": {\"fields\": [\"Image 2\"]}}]"
  }
},
{
  "model": "admin.logentry",
  "pk": 367,
  "fields": {
    "action_time": "2024-05-16T20:08:20.608Z",
    "user": 1,
    "content_type": 8,
    "object_id": "18",
    "object_repr": "CityComfort",
    "action_flag": 2,
    "change_message": "[{\"changed\": {\"fields\": [\"Image 2\"]}}]"
  }
},
{
  "model": "admin.logentry",
  "pk": 368,
  "fields": {
    "action_time": "2024-05-16T20:11:17.638Z",
    "user": 1,
    "content_type": 8,
    "object_id": "18",
    "object_repr": "CityComfort",
    "action_flag": 2,
    "change_message": "[{\"changed\": {\"fields\": [\"Image\"]}}]"
  }
},
{
  "model": "admin.logentry",
  "pk": 369,
  "fields": {
    "action_time": "2024-05-16T20:13:30.795Z",
    "user": 1,
    "content_type": 8,
    "object_id": "19",
    "object_repr": "UrbanRunners",
    "action_flag": 2,
    "change_message": "[{\"changed\": {\"fields\": [\"Image\", \"Image 2\"]}}]"
  }
},
{
  "model": "admin.logentry",
  "pk": 370,
  "fields": {
    "action_time": "2024-05-16T20:16:48.043Z",
    "user": 1,
    "content_type": 8,
    "object_id": "14",
    "object_repr": "Flex Slips",
    "action_flag": 2,
    "change_message": "[{\"changed\": {\"fields\": [\"Image\", \"Image 2\", \"Image 3\"]}}]"
  }
},
{
  "model": "admin.logentry",
  "pk": 371,
  "fields": {
    "action_time": "2024-05-16T20:19:59.761Z",
    "user": 1,
    "content_type": 8,
    "object_id": "13",
    "object_repr": "CloudWalk",
    "action_flag": 2,
    "change_message": "[{\"changed\": {\"fields\": [\"Image\", \"Image 2\", \"Image 3\"]}}]"
  }
},
{
  "model": "admin.logentry",
  "pk": 372,
  "fields": {
    "action_time": "2024-05-16T20:23:33.222Z",
    "user": 1,
    "content_type": 8,
    "object_id": "14",
    "object_repr": "Flex Slips",
    "action_flag": 2,
    "change_message": "[{\"changed\": {\"fields\": [\"Image\", \"Image 2\", \"Image 3\"]}}]"
  }
},
{
  "model": "admin.logentry",
  "pk": 373,
  "fields": {
    "action_time": "2024-05-16T20:26:28.820Z",
    "user": 1,
    "content_type": 8,
    "object_id": "15",
    "object_repr": "Monochromatic",
    "action_flag": 2,
    "change_message": "[{\"changed\": {\"fields\": [\"Image\", \"Image 2\", \"Image 3\"]}}]"
  }
},
{
  "model": "admin.logentry",
  "pk": 374,
  "fields": {
    "action_time": "2024-05-16T20:29:13.850Z",
    "user": 1,
    "content_type": 8,
    "object_id": "8",
    "object_repr": "Sniks",
    "action_flag": 2,
    "change_message": "[{\"changed\": {\"fields\": [\"Image\", \"Image 2\", \"Image 3\"]}}]"
  }
},
{
  "model": "admin.logentry",
  "pk": 375,
  "fields": {
    "action_time": "2024-05-16T20:34:54.030Z",
    "user": 1,
    "content_type": 8,
    "object_id": "16",
    "object_repr": "SnowTrekker",
    "action_flag": 2,
    "change_message": "[{\"changed\": {\"fields\": [\"Image\", \"Image 2\"]}}]"
  }
},
{
  "model": "admin.logentry",
  "pk": 376,
  "fields": {
    "action_time": "2024-05-16T20:35:27.846Z",
    "user": 1,
    "content_type": 8,
    "object_id": "17",
    "object_repr": "ArcticLander",
    "action_flag": 2,
    "change_message": "[{\"changed\": {\"fields\": [\"Image\", \"Image 2\", \"Image 3\"]}}]"
  }
},
{
  "model": "admin.logentry",
  "pk": 377,
  "fields": {
    "action_time": "2024-05-16T20:43:49.026Z",
    "user": 1,
    "content_type": 8,
    "object_id": "21",
    "object_repr": "Adventure Seeker",
    "action_flag": 2,
    "change_message": "[{\"changed\": {\"fields\": [\"Image\", \"Image 2\", \"Image 3\"]}}]"
  }
},
{
  "model": "admin.logentry",
  "pk": 378,
  "fields": {
    "action_time": "2024-05-16T20:44:57.036Z",
    "user": 1,
    "content_type": 8,
    "object_id": "23",
    "object_repr": "PuddleMeasurer",
    "action_flag": 2,
    "change_message": "[{\"changed\": {\"fields\": [\"Image\", \"Image 2\"]}}]"
  }
},
{
  "model": "admin.logentry",
  "pk": 379,
  "fields": {
    "action_time": "2024-05-16T20:45:31.949Z",
    "user": 1,
    "content_type": 8,
    "object_id": "22",
    "object_repr": "Puddle Jumpers",
    "action_flag": 2,
    "change_message": "[{\"changed\": {\"fields\": [\"Image\", \"Image 2\"]}}]"
  }
},
{
  "model": "admin.logentry",
  "pk": 380,
  "fields": {
    "action_time": "2024-05-16T20:55:12.232Z",
    "user": 1,
    "content_type": 8,
    "object_id": "12",
    "object_repr": "Faux leather boots",
    "action_flag": 2,
    "change_message": "[{\"changed\": {\"fields\": [\"Image\", \"Image 2\", \"Image 3\"]}}]"
  }
},
{
  "model": "admin.logentry",
  "pk": 381,
  "fields": {
    "action_time": "2024-05-16T20:56:11.199Z",
    "user": 1,
    "content_type": 8,
    "object_id": "10",
    "object_repr": "Heeled Booties",
    "action_flag": 2,
    "change_message": "[{\"changed\": {\"fields\": [\"Image\", \"Image 2\", \"Image 3\"]}}]"
  }
},
{
  "model": "admin.logentry",
  "pk": 382,
  "fields": {
    "action_time": "2024-05-16T20:56:49.125Z",
    "user": 1,
    "content_type": 8,
    "object_id": "11",
    "object_repr": "Snow boots",
    "action_flag": 2,
    "change_message": "[{\"changed\": {\"fields\": [\"Image\", \"Image 2\", \"Image 3\"]}}]"
  }
},
{
  "model": "admin.logentry",
  "pk": 383,
  "fields": {
    "action_time": "2024-05-16T21:02:27.544Z",
    "user": 1,
    "content_type": 8,
    "object_id": "9",
    "object_repr": "VolocityPro",
    "action_flag": 2,
    "change_message": "[{\"changed\": {\"fields\": [\"Description\"]}}]"
  }
},
{
  "model": "admin.logentry",
  "pk": 384,
  "fields": {
    "action_time": "2024-05-16T21:02:37.934Z",
    "user": 1,
    "content_type": 8,
    "object_id": "9",
    "object_repr": "VolocityPro",
    "action_flag": 2,
    "change_message": "[]"
  }
},
{
  "model": "admin.logentry",
  "pk": 385,
  "fields": {
    "action_time": "2024-05-17T00:07:26.650Z",
    "user": 1,
    "content_type": 8,
    "object_id": "24",
    "object_repr": "BreathyEasy",
    "action_flag": 1,
    "change_message": "[{\"added\": {}}]"
  }
},
{
  "model": "admin.logentry",
  "pk": 386,
  "fields": {
    "action_time": "2024-05-17T00:09:26.270Z",
    "user": 1,
    "content_type": 8,
    "object_id": "24",
    "object_repr": "BreathyEasy",
    "action_flag": 2,
    "change_message": "[{\"changed\": {\"fields\": [\"Name\", \"Slug\", \"Description\"]}}]"
  }
},
{
  "model": "admin.logentry",
  "pk": 387,
  "fields": {
    "action_time": "2024-05-17T00:22:38.717Z",
    "user": 1,
    "content_type": 8,
    "object_id": "25",
    "object_repr": "SwiftSprint",
    "action_flag": 1,
    "change_message": "[{\"added\": {}}]"
  }
},
{
  "model": "admin.logentry",
  "pk": 388,
  "fields": {
    "action_time": "2024-05-17T00:23:01.583Z",
    "user": 1,
    "content_type": 8,
    "object_id": "25",
    "object_repr": "SwiftSprint",
    "action_flag": 2,
    "change_message": "[{\"changed\": {\"fields\": [\"Name\", \"Slug\", \"Description\"]}}]"
  }
},
{
  "model": "admin.logentry",
  "pk": 389,
  "fields": {
    "action_time": "2024-05-17T00:28:33.044Z",
    "user": 1,
    "content_type": 8,
    "object_id": "26",
    "object_repr": "Aero",
    "action_flag": 1,
    "change_message": "[{\"added\": {}}]"
  }
},
{
  "model": "admin.logentry",
  "pk": 390,
  "fields": {
    "action_time": "2024-05-17T00:31:26.496Z",
    "user": 1,
    "content_type": 8,
    "object_id": "26",
    "object_repr": "Aero",
    "action_flag": 2,
    "change_message": "[{\"changed\": {\"fields\": [\"Name\", \"Slug\", \"Description\"]}}]"
  }
},
{
  "model": "admin.logentry",
  "pk": 391,
  "fields": {
    "action_time": "2024-05-17T00:42:30.840Z",
    "user": 1,
    "content_type": 8,
    "object_id": "27",
    "object_repr": "MaxComfort",
    "action_flag": 1,
    "change_message": "[{\"added\": {}}]"
  }
},
{
  "model": "admin.logentry",
  "pk": 392,
  "fields": {
    "action_time": "2024-05-17T00:43:14.176Z",
    "user": 1,
    "content_type": 8,
    "object_id": "27",
    "object_repr": "MaxComfort",
    "action_flag": 2,
    "change_message": "[{\"changed\": {\"fields\": [\"Name\", \"Slug\", \"Description\"]}}]"
  }
},
{
  "model": "admin.logentry",
  "pk": 393,
  "fields": {
    "action_time": "2024-05-17T22:33:36.722Z",
    "user": 1,
    "content_type": 8,
    "object_id": "27",
    "object_repr": "MaxComfort",
    "action_flag": 2,
    "change_message": "[{\"changed\": {\"fields\": [\"Size\"]}}]"
  }
},
{
  "model": "admin.logentry",
  "pk": 394,
  "fields": {
    "action_time": "2024-05-19T14:51:32.532Z",
    "user": 1,
    "content_type": 8,
    "object_id": "11",
    "object_repr": "Snow boots",
    "action_flag": 3,
    "change_message": ""
  }
},
{
  "model": "admin.logentry",
  "pk": 395,
  "fields": {
    "action_time": "2024-05-21T15:14:24.815Z",
    "user": 1,
    "content_type": 4,
    "object_id": "8",
    "object_repr": "pineaplle",
    "action_flag": 2,
    "change_message": "[{\"changed\": {\"fields\": [\"First name\", \"Last name\"]}}]"
  }
},
{
  "model": "admin.logentry",
  "pk": 396,
  "fields": {
    "action_time": "2024-05-21T15:14:39.094Z",
    "user": 1,
    "content_type": 4,
    "object_id": "8",
    "object_repr": "pineaplle",
    "action_flag": 2,
    "change_message": "[{\"changed\": {\"fields\": [\"First name\", \"Last name\"]}}]"
  }
},
{
  "model": "admin.logentry",
  "pk": 397,
  "fields": {
    "action_time": "2024-05-21T15:45:45.711Z",
    "user": 1,
    "content_type": 4,
    "object_id": "1",
    "object_repr": "shoes_store",
    "action_flag": 2,
    "change_message": "[{\"changed\": {\"fields\": [\"First name\", \"Last name\"]}}]"
  }
},
{
  "model": "admin.logentry",
  "pk": 398,
  "fields": {
    "action_time": "2024-05-21T21:32:18.351Z",
    "user": 1,
    "content_type": 4,
    "object_id": "1",
    "object_repr": "shoes_store",
    "action_flag": 2,
    "change_message": "[{\"changed\": {\"fields\": [\"First name\", \"Last name\"]}}]"
  }
},
{
  "model": "admin.logentry",
  "pk": 399,
  "fields": {
    "action_time": "2024-05-21T22:17:45.346Z",
    "user": 1,
    "content_type": 4,
    "object_id": "11",
    "object_repr": "samrex@gmail.com",
    "action_flag": 3,
    "change_message": ""
  }
},
{
  "model": "admin.logentry",
  "pk": 400,
  "fields": {
    "action_time": "2024-05-23T14:20:44.082Z",
    "user": 1,
    "content_type": 15,
    "object_id": "122",
    "object_repr": "Order 122",
    "action_flag": 3,
    "change_message": ""
  }
},
{
  "model": "admin.logentry",
  "pk": 401,
  "fields": {
    "action_time": "2024-05-23T14:20:44.137Z",
    "user": 1,
    "content_type": 15,
    "object_id": "121",
    "object_repr": "Order 121",
    "action_flag": 3,
    "change_message": ""
  }
},
{
  "model": "admin.logentry",
  "pk": 402,
  "fields": {
    "action_time": "2024-05-23T14:20:44.137Z",
    "user": 1,
    "content_type": 15,
    "object_id": "120",
    "object_repr": "Order 120",
    "action_flag": 3,
    "change_message": ""
  }
},
{
  "model": "admin.logentry",
  "pk": 403,
  "fields": {
    "action_time": "2024-05-23T14:20:44.137Z",
    "user": 1,
    "content_type": 15,
    "object_id": "119",
    "object_repr": "Order 119",
    "action_flag": 3,
    "change_message": ""
  }
},
{
  "model": "admin.logentry",
  "pk": 404,
  "fields": {
    "action_time": "2024-05-23T14:20:44.152Z",
    "user": 1,
    "content_type": 15,
    "object_id": "118",
    "object_repr": "Order 118",
    "action_flag": 3,
    "change_message": ""
  }
},
{
  "model": "admin.logentry",
  "pk": 405,
  "fields": {
    "action_time": "2024-05-23T14:20:44.152Z",
    "user": 1,
    "content_type": 15,
    "object_id": "117",
    "object_repr": "Order 117",
    "action_flag": 3,
    "change_message": ""
  }
},
{
  "model": "admin.logentry",
  "pk": 406,
  "fields": {
    "action_time": "2024-05-23T14:20:44.168Z",
    "user": 1,
    "content_type": 15,
    "object_id": "116",
    "object_repr": "Order 116",
    "action_flag": 3,
    "change_message": ""
  }
},
{
  "model": "admin.logentry",
  "pk": 407,
  "fields": {
    "action_time": "2024-05-23T14:20:44.168Z",
    "user": 1,
    "content_type": 15,
    "object_id": "115",
    "object_repr": "Order 115",
    "action_flag": 3,
    "change_message": ""
  }
},
{
  "model": "admin.logentry",
  "pk": 408,
  "fields": {
    "action_time": "2024-05-23T14:20:44.183Z",
    "user": 1,
    "content_type": 15,
    "object_id": "114",
    "object_repr": "Order 114",
    "action_flag": 3,
    "change_message": ""
  }
},
{
  "model": "admin.logentry",
  "pk": 409,
  "fields": {
    "action_time": "2024-05-23T14:20:44.183Z",
    "user": 1,
    "content_type": 15,
    "object_id": "113",
    "object_repr": "Order 113",
    "action_flag": 3,
    "change_message": ""
  }
},
{
  "model": "admin.logentry",
  "pk": 410,
  "fields": {
    "action_time": "2024-05-23T14:20:44.183Z",
    "user": 1,
    "content_type": 15,
    "object_id": "112",
    "object_repr": "Order 112",
    "action_flag": 3,
    "change_message": ""
  }
},
{
  "model": "admin.logentry",
  "pk": 411,
  "fields": {
    "action_time": "2024-05-23T14:20:44.199Z",
    "user": 1,
    "content_type": 15,
    "object_id": "111",
    "object_repr": "Order 111",
    "action_flag": 3,
    "change_message": ""
  }
},
{
  "model": "admin.logentry",
  "pk": 412,
  "fields": {
    "action_time": "2024-05-23T14:20:44.215Z",
    "user": 1,
    "content_type": 15,
    "object_id": "110",
    "object_repr": "Order 110",
    "action_flag": 3,
    "change_message": ""
  }
},
{
  "model": "admin.logentry",
  "pk": 413,
  "fields": {
    "action_time": "2024-05-23T14:20:44.215Z",
    "user": 1,
    "content_type": 15,
    "object_id": "109",
    "object_repr": "Order 109",
    "action_flag": 3,
    "change_message": ""
  }
},
{
  "model": "admin.logentry",
  "pk": 414,
  "fields": {
    "action_time": "2024-05-23T14:20:44.230Z",
    "user": 1,
    "content_type": 15,
    "object_id": "108",
    "object_repr": "Order 108",
    "action_flag": 3,
    "change_message": ""
  }
},
{
  "model": "admin.logentry",
  "pk": 415,
  "fields": {
    "action_time": "2024-05-23T14:20:44.246Z",
    "user": 1,
    "content_type": 15,
    "object_id": "107",
    "object_repr": "Order 107",
    "action_flag": 3,
    "change_message": ""
  }
},
{
  "model": "admin.logentry",
  "pk": 416,
  "fields": {
    "action_time": "2024-05-23T14:20:44.246Z",
    "user": 1,
    "content_type": 15,
    "object_id": "106",
    "object_repr": "Order 106",
    "action_flag": 3,
    "change_message": ""
  }
},
{
  "model": "admin.logentry",
  "pk": 417,
  "fields": {
    "action_time": "2024-05-23T14:20:44.262Z",
    "user": 1,
    "content_type": 15,
    "object_id": "105",
    "object_repr": "Order 105",
    "action_flag": 3,
    "change_message": ""
  }
},
{
  "model": "admin.logentry",
  "pk": 418,
  "fields": {
    "action_time": "2024-05-23T14:20:44.262Z",
    "user": 1,
    "content_type": 15,
    "object_id": "104",
    "object_repr": "Order 104",
    "action_flag": 3,
    "change_message": ""
  }
},
{
  "model": "admin.logentry",
  "pk": 419,
  "fields": {
    "action_time": "2024-05-23T14:20:44.277Z",
    "user": 1,
    "content_type": 15,
    "object_id": "103",
    "object_repr": "Order 103",
    "action_flag": 3,
    "change_message": ""
  }
},
{
  "model": "admin.logentry",
  "pk": 420,
  "fields": {
    "action_time": "2024-05-23T14:20:44.277Z",
    "user": 1,
    "content_type": 15,
    "object_id": "102",
    "object_repr": "Order 102",
    "action_flag": 3,
    "change_message": ""
  }
},
{
  "model": "admin.logentry",
  "pk": 421,
  "fields": {
    "action_time": "2024-05-23T14:20:44.277Z",
    "user": 1,
    "content_type": 15,
    "object_id": "101",
    "object_repr": "Order 101",
    "action_flag": 3,
    "change_message": ""
  }
},
{
  "model": "admin.logentry",
  "pk": 422,
  "fields": {
    "action_time": "2024-05-23T14:20:44.293Z",
    "user": 1,
    "content_type": 15,
    "object_id": "100",
    "object_repr": "Order 100",
    "action_flag": 3,
    "change_message": ""
  }
},
{
  "model": "admin.logentry",
  "pk": 423,
  "fields": {
    "action_time": "2024-05-23T14:20:44.293Z",
    "user": 1,
    "content_type": 15,
    "object_id": "99",
    "object_repr": "Order 99",
    "action_flag": 3,
    "change_message": ""
  }
},
{
  "model": "admin.logentry",
  "pk": 424,
  "fields": {
    "action_time": "2024-05-23T14:20:44.309Z",
    "user": 1,
    "content_type": 15,
    "object_id": "98",
    "object_repr": "Order 98",
    "action_flag": 3,
    "change_message": ""
  }
},
{
  "model": "admin.logentry",
  "pk": 425,
  "fields": {
    "action_time": "2024-05-23T14:20:44.309Z",
    "user": 1,
    "content_type": 15,
    "object_id": "97",
    "object_repr": "Order 97",
    "action_flag": 3,
    "change_message": ""
  }
},
{
  "model": "admin.logentry",
  "pk": 426,
  "fields": {
    "action_time": "2024-05-23T14:20:44.324Z",
    "user": 1,
    "content_type": 15,
    "object_id": "96",
    "object_repr": "Order 96",
    "action_flag": 3,
    "change_message": ""
  }
},
{
  "model": "admin.logentry",
  "pk": 427,
  "fields": {
    "action_time": "2024-05-23T14:20:44.324Z",
    "user": 1,
    "content_type": 15,
    "object_id": "95",
    "object_repr": "Order 95",
    "action_flag": 3,
    "change_message": ""
  }
},
{
  "model": "admin.logentry",
  "pk": 428,
  "fields": {
    "action_time": "2024-05-23T14:20:44.340Z",
    "user": 1,
    "content_type": 15,
    "object_id": "94",
    "object_repr": "Order 94",
    "action_flag": 3,
    "change_message": ""
  }
},
{
  "model": "admin.logentry",
  "pk": 429,
  "fields": {
    "action_time": "2024-05-23T14:20:44.340Z",
    "user": 1,
    "content_type": 15,
    "object_id": "93",
    "object_repr": "Order 93",
    "action_flag": 3,
    "change_message": ""
  }
},
{
  "model": "admin.logentry",
  "pk": 430,
  "fields": {
    "action_time": "2024-05-23T14:20:44.340Z",
    "user": 1,
    "content_type": 15,
    "object_id": "92",
    "object_repr": "Order 92",
    "action_flag": 3,
    "change_message": ""
  }
},
{
  "model": "admin.logentry",
  "pk": 431,
  "fields": {
    "action_time": "2024-05-23T14:20:44.355Z",
    "user": 1,
    "content_type": 15,
    "object_id": "91",
    "object_repr": "Order 91",
    "action_flag": 3,
    "change_message": ""
  }
},
{
  "model": "admin.logentry",
  "pk": 432,
  "fields": {
    "action_time": "2024-05-23T14:20:44.355Z",
    "user": 1,
    "content_type": 15,
    "object_id": "90",
    "object_repr": "Order 90",
    "action_flag": 3,
    "change_message": ""
  }
},
{
  "model": "admin.logentry",
  "pk": 433,
  "fields": {
    "action_time": "2024-05-23T14:20:44.371Z",
    "user": 1,
    "content_type": 15,
    "object_id": "89",
    "object_repr": "Order 89",
    "action_flag": 3,
    "change_message": ""
  }
},
{
  "model": "admin.logentry",
  "pk": 434,
  "fields": {
    "action_time": "2024-05-23T14:20:44.371Z",
    "user": 1,
    "content_type": 15,
    "object_id": "88",
    "object_repr": "Order 88",
    "action_flag": 3,
    "change_message": ""
  }
},
{
  "model": "admin.logentry",
  "pk": 435,
  "fields": {
    "action_time": "2024-05-23T14:20:44.387Z",
    "user": 1,
    "content_type": 15,
    "object_id": "87",
    "object_repr": "Order 87",
    "action_flag": 3,
    "change_message": ""
  }
},
{
  "model": "admin.logentry",
  "pk": 436,
  "fields": {
    "action_time": "2024-05-23T14:20:44.387Z",
    "user": 1,
    "content_type": 15,
    "object_id": "86",
    "object_repr": "Order 86",
    "action_flag": 3,
    "change_message": ""
  }
},
{
  "model": "admin.logentry",
  "pk": 437,
  "fields": {
    "action_time": "2024-05-23T14:20:44.387Z",
    "user": 1,
    "content_type": 15,
    "object_id": "85",
    "object_repr": "Order 85",
    "action_flag": 3,
    "change_message": ""
  }
},
{
  "model": "admin.logentry",
  "pk": 438,
  "fields": {
    "action_time": "2024-05-23T14:20:44.402Z",
    "user": 1,
    "content_type": 15,
    "object_id": "84",
    "object_repr": "Order 84",
    "action_flag": 3,
    "change_message": ""
  }
},
{
  "model": "admin.logentry",
  "pk": 439,
  "fields": {
    "action_time": "2024-05-23T14:20:44.402Z",
    "user": 1,
    "content_type": 15,
    "object_id": "83",
    "object_repr": "Order 83",
    "action_flag": 3,
    "change_message": ""
  }
},
{
  "model": "admin.logentry",
  "pk": 440,
  "fields": {
    "action_time": "2024-05-23T14:20:44.418Z",
    "user": 1,
    "content_type": 15,
    "object_id": "82",
    "object_repr": "Order 82",
    "action_flag": 3,
    "change_message": ""
  }
},
{
  "model": "admin.logentry",
  "pk": 441,
  "fields": {
    "action_time": "2024-05-23T14:20:44.418Z",
    "user": 1,
    "content_type": 15,
    "object_id": "81",
    "object_repr": "Order 81",
    "action_flag": 3,
    "change_message": ""
  }
},
{
  "model": "admin.logentry",
  "pk": 442,
  "fields": {
    "action_time": "2024-05-23T14:20:44.433Z",
    "user": 1,
    "content_type": 15,
    "object_id": "80",
    "object_repr": "Order 80",
    "action_flag": 3,
    "change_message": ""
  }
},
{
  "model": "admin.logentry",
  "pk": 443,
  "fields": {
    "action_time": "2024-05-23T14:20:44.433Z",
    "user": 1,
    "content_type": 15,
    "object_id": "79",
    "object_repr": "Order 79",
    "action_flag": 3,
    "change_message": ""
  }
},
{
  "model": "admin.logentry",
  "pk": 444,
  "fields": {
    "action_time": "2024-05-23T14:20:44.433Z",
    "user": 1,
    "content_type": 15,
    "object_id": "78",
    "object_repr": "Order 78",
    "action_flag": 3,
    "change_message": ""
  }
},
{
  "model": "admin.logentry",
  "pk": 445,
  "fields": {
    "action_time": "2024-05-23T14:20:44.449Z",
    "user": 1,
    "content_type": 15,
    "object_id": "77",
    "object_repr": "Order 77",
    "action_flag": 3,
    "change_message": ""
  }
},
{
  "model": "admin.logentry",
  "pk": 446,
  "fields": {
    "action_time": "2024-05-23T14:20:44.449Z",
    "user": 1,
    "content_type": 15,
    "object_id": "76",
    "object_repr": "Order 76",
    "action_flag": 3,
    "change_message": ""
  }
},
{
  "model": "admin.logentry",
  "pk": 447,
  "fields": {
    "action_time": "2024-05-23T14:20:44.465Z",
    "user": 1,
    "content_type": 15,
    "object_id": "75",
    "object_repr": "Order 75",
    "action_flag": 3,
    "change_message": ""
  }
},
{
  "model": "admin.logentry",
  "pk": 448,
  "fields": {
    "action_time": "2024-05-23T14:20:44.465Z",
    "user": 1,
    "content_type": 15,
    "object_id": "74",
    "object_repr": "Order 74",
    "action_flag": 3,
    "change_message": ""
  }
},
{
  "model": "admin.logentry",
  "pk": 449,
  "fields": {
    "action_time": "2024-05-23T14:20:44.465Z",
    "user": 1,
    "content_type": 15,
    "object_id": "73",
    "object_repr": "Order 73",
    "action_flag": 3,
    "change_message": ""
  }
},
{
  "model": "admin.logentry",
  "pk": 450,
  "fields": {
    "action_time": "2024-05-23T14:20:44.480Z",
    "user": 1,
    "content_type": 15,
    "object_id": "72",
    "object_repr": "Order 72",
    "action_flag": 3,
    "change_message": ""
  }
},
{
  "model": "admin.logentry",
  "pk": 451,
  "fields": {
    "action_time": "2024-05-23T14:20:44.480Z",
    "user": 1,
    "content_type": 15,
    "object_id": "71",
    "object_repr": "Order 71",
    "action_flag": 3,
    "change_message": ""
  }
},
{
  "model": "admin.logentry",
  "pk": 452,
  "fields": {
    "action_time": "2024-05-23T14:20:44.496Z",
    "user": 1,
    "content_type": 15,
    "object_id": "70",
    "object_repr": "Order 70",
    "action_flag": 3,
    "change_message": ""
  }
},
{
  "model": "admin.logentry",
  "pk": 453,
  "fields": {
    "action_time": "2024-05-23T14:20:44.496Z",
    "user": 1,
    "content_type": 15,
    "object_id": "69",
    "object_repr": "Order 69",
    "action_flag": 3,
    "change_message": ""
  }
},
{
  "model": "admin.logentry",
  "pk": 454,
  "fields": {
    "action_time": "2024-05-23T14:20:44.512Z",
    "user": 1,
    "content_type": 15,
    "object_id": "68",
    "object_repr": "Order 68",
    "action_flag": 3,
    "change_message": ""
  }
},
{
  "model": "admin.logentry",
  "pk": 455,
  "fields": {
    "action_time": "2024-05-23T14:20:44.512Z",
    "user": 1,
    "content_type": 15,
    "object_id": "67",
    "object_repr": "Order 67",
    "action_flag": 3,
    "change_message": ""
  }
},
{
  "model": "admin.logentry",
  "pk": 456,
  "fields": {
    "action_time": "2024-05-23T14:20:44.512Z",
    "user": 1,
    "content_type": 15,
    "object_id": "66",
    "object_repr": "Order 66",
    "action_flag": 3,
    "change_message": ""
  }
},
{
  "model": "admin.logentry",
  "pk": 457,
  "fields": {
    "action_time": "2024-05-23T14:20:44.527Z",
    "user": 1,
    "content_type": 15,
    "object_id": "65",
    "object_repr": "Order 65",
    "action_flag": 3,
    "change_message": ""
  }
},
{
  "model": "admin.logentry",
  "pk": 458,
  "fields": {
    "action_time": "2024-05-23T14:20:44.527Z",
    "user": 1,
    "content_type": 15,
    "object_id": "64",
    "object_repr": "Order 64",
    "action_flag": 3,
    "change_message": ""
  }
},
{
  "model": "admin.logentry",
  "pk": 459,
  "fields": {
    "action_time": "2024-05-23T14:20:44.543Z",
    "user": 1,
    "content_type": 15,
    "object_id": "63",
    "object_repr": "Order 63",
    "action_flag": 3,
    "change_message": ""
  }
},
{
  "model": "admin.logentry",
  "pk": 460,
  "fields": {
    "action_time": "2024-05-23T14:20:44.543Z",
    "user": 1,
    "content_type": 15,
    "object_id": "62",
    "object_repr": "Order 62",
    "action_flag": 3,
    "change_message": ""
  }
},
{
  "model": "admin.logentry",
  "pk": 461,
  "fields": {
    "action_time": "2024-05-23T14:20:44.543Z",
    "user": 1,
    "content_type": 15,
    "object_id": "61",
    "object_repr": "Order 61",
    "action_flag": 3,
    "change_message": ""
  }
},
{
  "model": "admin.logentry",
  "pk": 462,
  "fields": {
    "action_time": "2024-05-23T14:20:44.558Z",
    "user": 1,
    "content_type": 15,
    "object_id": "60",
    "object_repr": "Order 60",
    "action_flag": 3,
    "change_message": ""
  }
},
{
  "model": "admin.logentry",
  "pk": 463,
  "fields": {
    "action_time": "2024-05-23T14:20:44.558Z",
    "user": 1,
    "content_type": 15,
    "object_id": "59",
    "object_repr": "Order 59",
    "action_flag": 3,
    "change_message": ""
  }
},
{
  "model": "admin.logentry",
  "pk": 464,
  "fields": {
    "action_time": "2024-05-23T14:20:44.574Z",
    "user": 1,
    "content_type": 15,
    "object_id": "58",
    "object_repr": "Order 58",
    "action_flag": 3,
    "change_message": ""
  }
},
{
  "model": "admin.logentry",
  "pk": 465,
  "fields": {
    "action_time": "2024-05-23T14:20:44.574Z",
    "user": 1,
    "content_type": 15,
    "object_id": "57",
    "object_repr": "Order 57",
    "action_flag": 3,
    "change_message": ""
  }
},
{
  "model": "admin.logentry",
  "pk": 466,
  "fields": {
    "action_time": "2024-05-23T14:20:44.590Z",
    "user": 1,
    "content_type": 15,
    "object_id": "56",
    "object_repr": "Order 56",
    "action_flag": 3,
    "change_message": ""
  }
},
{
  "model": "admin.logentry",
  "pk": 467,
  "fields": {
    "action_time": "2024-05-23T14:20:44.590Z",
    "user": 1,
    "content_type": 15,
    "object_id": "55",
    "object_repr": "Order 55",
    "action_flag": 3,
    "change_message": ""
  }
},
{
  "model": "admin.logentry",
  "pk": 468,
  "fields": {
    "action_time": "2024-05-23T14:20:44.590Z",
    "user": 1,
    "content_type": 15,
    "object_id": "54",
    "object_repr": "Order 54",
    "action_flag": 3,
    "change_message": ""
  }
},
{
  "model": "admin.logentry",
  "pk": 469,
  "fields": {
    "action_time": "2024-05-23T14:20:44.605Z",
    "user": 1,
    "content_type": 15,
    "object_id": "53",
    "object_repr": "Order 53",
    "action_flag": 3,
    "change_message": ""
  }
},
{
  "model": "admin.logentry",
  "pk": 470,
  "fields": {
    "action_time": "2024-05-23T14:20:44.605Z",
    "user": 1,
    "content_type": 15,
    "object_id": "52",
    "object_repr": "Order 52",
    "action_flag": 3,
    "change_message": ""
  }
},
{
  "model": "admin.logentry",
  "pk": 471,
  "fields": {
    "action_time": "2024-05-23T14:20:44.621Z",
    "user": 1,
    "content_type": 15,
    "object_id": "51",
    "object_repr": "Order 51",
    "action_flag": 3,
    "change_message": ""
  }
},
{
  "model": "admin.logentry",
  "pk": 472,
  "fields": {
    "action_time": "2024-05-23T14:20:44.621Z",
    "user": 1,
    "content_type": 15,
    "object_id": "50",
    "object_repr": "Order 50",
    "action_flag": 3,
    "change_message": ""
  }
},
{
  "model": "admin.logentry",
  "pk": 473,
  "fields": {
    "action_time": "2024-05-23T14:20:44.637Z",
    "user": 1,
    "content_type": 15,
    "object_id": "49",
    "object_repr": "Order 49",
    "action_flag": 3,
    "change_message": ""
  }
},
{
  "model": "admin.logentry",
  "pk": 474,
  "fields": {
    "action_time": "2024-05-23T14:20:44.637Z",
    "user": 1,
    "content_type": 15,
    "object_id": "48",
    "object_repr": "Order 48",
    "action_flag": 3,
    "change_message": ""
  }
},
{
  "model": "admin.logentry",
  "pk": 475,
  "fields": {
    "action_time": "2024-05-23T14:20:44.637Z",
    "user": 1,
    "content_type": 15,
    "object_id": "47",
    "object_repr": "Order 47",
    "action_flag": 3,
    "change_message": ""
  }
},
{
  "model": "admin.logentry",
  "pk": 476,
  "fields": {
    "action_time": "2024-05-23T14:20:44.652Z",
    "user": 1,
    "content_type": 15,
    "object_id": "46",
    "object_repr": "Order 46",
    "action_flag": 3,
    "change_message": ""
  }
},
{
  "model": "admin.logentry",
  "pk": 477,
  "fields": {
    "action_time": "2024-05-23T14:20:44.652Z",
    "user": 1,
    "content_type": 15,
    "object_id": "45",
    "object_repr": "Order 45",
    "action_flag": 3,
    "change_message": ""
  }
},
{
  "model": "admin.logentry",
  "pk": 478,
  "fields": {
    "action_time": "2024-05-23T14:20:44.668Z",
    "user": 1,
    "content_type": 15,
    "object_id": "44",
    "object_repr": "Order 44",
    "action_flag": 3,
    "change_message": ""
  }
},
{
  "model": "admin.logentry",
  "pk": 479,
  "fields": {
    "action_time": "2024-05-23T14:20:44.668Z",
    "user": 1,
    "content_type": 15,
    "object_id": "43",
    "object_repr": "Order 43",
    "action_flag": 3,
    "change_message": ""
  }
},
{
  "model": "admin.logentry",
  "pk": 480,
  "fields": {
    "action_time": "2024-05-23T14:20:44.683Z",
    "user": 1,
    "content_type": 15,
    "object_id": "42",
    "object_repr": "Order 42",
    "action_flag": 3,
    "change_message": ""
  }
},
{
  "model": "admin.logentry",
  "pk": 481,
  "fields": {
    "action_time": "2024-05-23T14:20:44.683Z",
    "user": 1,
    "content_type": 15,
    "object_id": "41",
    "object_repr": "Order 41",
    "action_flag": 3,
    "change_message": ""
  }
},
{
  "model": "admin.logentry",
  "pk": 482,
  "fields": {
    "action_time": "2024-05-23T14:20:44.699Z",
    "user": 1,
    "content_type": 15,
    "object_id": "40",
    "object_repr": "Order 40",
    "action_flag": 3,
    "change_message": ""
  }
},
{
  "model": "admin.logentry",
  "pk": 483,
  "fields": {
    "action_time": "2024-05-23T14:20:44.699Z",
    "user": 1,
    "content_type": 15,
    "object_id": "39",
    "object_repr": "Order 39",
    "action_flag": 3,
    "change_message": ""
  }
},
{
  "model": "admin.logentry",
  "pk": 484,
  "fields": {
    "action_time": "2024-05-23T14:20:44.715Z",
    "user": 1,
    "content_type": 15,
    "object_id": "38",
    "object_repr": "Order 38",
    "action_flag": 3,
    "change_message": ""
  }
},
{
  "model": "admin.logentry",
  "pk": 485,
  "fields": {
    "action_time": "2024-05-23T14:20:44.715Z",
    "user": 1,
    "content_type": 15,
    "object_id": "37",
    "object_repr": "Order 37",
    "action_flag": 3,
    "change_message": ""
  }
},
{
  "model": "admin.logentry",
  "pk": 486,
  "fields": {
    "action_time": "2024-05-23T14:20:44.715Z",
    "user": 1,
    "content_type": 15,
    "object_id": "36",
    "object_repr": "Order 36",
    "action_flag": 3,
    "change_message": ""
  }
},
{
  "model": "admin.logentry",
  "pk": 487,
  "fields": {
    "action_time": "2024-05-23T14:20:44.730Z",
    "user": 1,
    "content_type": 15,
    "object_id": "35",
    "object_repr": "Order 35",
    "action_flag": 3,
    "change_message": ""
  }
},
{
  "model": "admin.logentry",
  "pk": 488,
  "fields": {
    "action_time": "2024-05-23T14:20:44.730Z",
    "user": 1,
    "content_type": 15,
    "object_id": "34",
    "object_repr": "Order 34",
    "action_flag": 3,
    "change_message": ""
  }
},
{
  "model": "admin.logentry",
  "pk": 489,
  "fields": {
    "action_time": "2024-05-23T14:20:44.746Z",
    "user": 1,
    "content_type": 15,
    "object_id": "33",
    "object_repr": "Order 33",
    "action_flag": 3,
    "change_message": ""
  }
},
{
  "model": "admin.logentry",
  "pk": 490,
  "fields": {
    "action_time": "2024-05-23T14:20:44.746Z",
    "user": 1,
    "content_type": 15,
    "object_id": "32",
    "object_repr": "Order 32",
    "action_flag": 3,
    "change_message": ""
  }
},
{
  "model": "admin.logentry",
  "pk": 491,
  "fields": {
    "action_time": "2024-05-23T14:20:44.762Z",
    "user": 1,
    "content_type": 15,
    "object_id": "31",
    "object_repr": "Order 31",
    "action_flag": 3,
    "change_message": ""
  }
},
{
  "model": "admin.logentry",
  "pk": 492,
  "fields": {
    "action_time": "2024-05-23T14:20:44.762Z",
    "user": 1,
    "content_type": 15,
    "object_id": "30",
    "object_repr": "Order 30",
    "action_flag": 3,
    "change_message": ""
  }
},
{
  "model": "admin.logentry",
  "pk": 493,
  "fields": {
    "action_time": "2024-05-23T14:20:44.777Z",
    "user": 1,
    "content_type": 15,
    "object_id": "29",
    "object_repr": "Order 29",
    "action_flag": 3,
    "change_message": ""
  }
},
{
  "model": "admin.logentry",
  "pk": 494,
  "fields": {
    "action_time": "2024-05-23T14:20:44.777Z",
    "user": 1,
    "content_type": 15,
    "object_id": "28",
    "object_repr": "Order 28",
    "action_flag": 3,
    "change_message": ""
  }
},
{
  "model": "admin.logentry",
  "pk": 495,
  "fields": {
    "action_time": "2024-05-23T14:20:44.777Z",
    "user": 1,
    "content_type": 15,
    "object_id": "27",
    "object_repr": "Order 27",
    "action_flag": 3,
    "change_message": ""
  }
},
{
  "model": "admin.logentry",
  "pk": 496,
  "fields": {
    "action_time": "2024-05-23T14:20:44.793Z",
    "user": 1,
    "content_type": 15,
    "object_id": "26",
    "object_repr": "Order 26",
    "action_flag": 3,
    "change_message": ""
  }
},
{
  "model": "admin.logentry",
  "pk": 497,
  "fields": {
    "action_time": "2024-05-23T14:20:44.793Z",
    "user": 1,
    "content_type": 15,
    "object_id": "25",
    "object_repr": "Order 25",
    "action_flag": 3,
    "change_message": ""
  }
},
{
  "model": "admin.logentry",
  "pk": 498,
  "fields": {
    "action_time": "2024-05-23T14:20:44.808Z",
    "user": 1,
    "content_type": 15,
    "object_id": "24",
    "object_repr": "Order 24",
    "action_flag": 3,
    "change_message": ""
  }
},
{
  "model": "admin.logentry",
  "pk": 499,
  "fields": {
    "action_time": "2024-05-23T14:20:44.808Z",
    "user": 1,
    "content_type": 15,
    "object_id": "23",
    "object_repr": "Order 23",
    "action_flag": 3,
    "change_message": ""
  }
},
{
  "model": "admin.logentry",
  "pk": 500,
  "fields": {
    "action_time": "2024-05-23T14:21:03.775Z",
    "user": 1,
    "content_type": 15,
    "object_id": "22",
    "object_repr": "Order 22",
    "action_flag": 3,
    "change_message": ""
  }
},
{
  "model": "admin.logentry",
  "pk": 501,
  "fields": {
    "action_time": "2024-05-23T14:21:03.810Z",
    "user": 1,
    "content_type": 15,
    "object_id": "21",
    "object_repr": "Order 21",
    "action_flag": 3,
    "change_message": ""
  }
},
{
  "model": "admin.logentry",
  "pk": 502,
  "fields": {
    "action_time": "2024-05-23T14:21:03.825Z",
    "user": 1,
    "content_type": 15,
    "object_id": "20",
    "object_repr": "Order 20",
    "action_flag": 3,
    "change_message": ""
  }
},
{
  "model": "admin.logentry",
  "pk": 503,
  "fields": {
    "action_time": "2024-05-23T14:21:03.825Z",
    "user": 1,
    "content_type": 15,
    "object_id": "19",
    "object_repr": "Order 19",
    "action_flag": 3,
    "change_message": ""
  }
},
{
  "model": "admin.logentry",
  "pk": 504,
  "fields": {
    "action_time": "2024-05-23T14:21:03.825Z",
    "user": 1,
    "content_type": 15,
    "object_id": "18",
    "object_repr": "Order 18",
    "action_flag": 3,
    "change_message": ""
  }
},
{
  "model": "admin.logentry",
  "pk": 505,
  "fields": {
    "action_time": "2024-05-23T14:21:03.841Z",
    "user": 1,
    "content_type": 15,
    "object_id": "17",
    "object_repr": "Order 17",
    "action_flag": 3,
    "change_message": ""
  }
},
{
  "model": "admin.logentry",
  "pk": 506,
  "fields": {
    "action_time": "2024-05-23T14:21:03.841Z",
    "user": 1,
    "content_type": 15,
    "object_id": "16",
    "object_repr": "Order 16",
    "action_flag": 3,
    "change_message": ""
  }
},
{
  "model": "admin.logentry",
  "pk": 507,
  "fields": {
    "action_time": "2024-05-23T14:21:03.856Z",
    "user": 1,
    "content_type": 15,
    "object_id": "15",
    "object_repr": "Order 15",
    "action_flag": 3,
    "change_message": ""
  }
},
{
  "model": "admin.logentry",
  "pk": 508,
  "fields": {
    "action_time": "2024-05-23T14:21:03.856Z",
    "user": 1,
    "content_type": 15,
    "object_id": "14",
    "object_repr": "Order 14",
    "action_flag": 3,
    "change_message": ""
  }
},
{
  "model": "admin.logentry",
  "pk": 509,
  "fields": {
    "action_time": "2024-05-23T14:21:03.872Z",
    "user": 1,
    "content_type": 15,
    "object_id": "13",
    "object_repr": "Order 13",
    "action_flag": 3,
    "change_message": ""
  }
},
{
  "model": "admin.logentry",
  "pk": 510,
  "fields": {
    "action_time": "2024-05-23T14:21:03.872Z",
    "user": 1,
    "content_type": 15,
    "object_id": "12",
    "object_repr": "Order 12",
    "action_flag": 3,
    "change_message": ""
  }
},
{
  "model": "admin.logentry",
  "pk": 511,
  "fields": {
    "action_time": "2024-05-23T14:21:03.872Z",
    "user": 1,
    "content_type": 15,
    "object_id": "11",
    "object_repr": "Order 11",
    "action_flag": 3,
    "change_message": ""
  }
},
{
  "model": "admin.logentry",
  "pk": 512,
  "fields": {
    "action_time": "2024-05-23T14:21:03.888Z",
    "user": 1,
    "content_type": 15,
    "object_id": "10",
    "object_repr": "Order 10",
    "action_flag": 3,
    "change_message": ""
  }
},
{
  "model": "admin.logentry",
  "pk": 513,
  "fields": {
    "action_time": "2024-05-23T14:21:03.888Z",
    "user": 1,
    "content_type": 15,
    "object_id": "9",
    "object_repr": "Order 9",
    "action_flag": 3,
    "change_message": ""
  }
},
{
  "model": "admin.logentry",
  "pk": 514,
  "fields": {
    "action_time": "2024-05-23T14:21:03.903Z",
    "user": 1,
    "content_type": 15,
    "object_id": "8",
    "object_repr": "Order 8",
    "action_flag": 3,
    "change_message": ""
  }
},
{
  "model": "admin.logentry",
  "pk": 515,
  "fields": {
    "action_time": "2024-05-23T14:21:03.903Z",
    "user": 1,
    "content_type": 15,
    "object_id": "7",
    "object_repr": "Order 7",
    "action_flag": 3,
    "change_message": ""
  }
},
{
  "model": "admin.logentry",
  "pk": 516,
  "fields": {
    "action_time": "2024-05-23T14:21:03.920Z",
    "user": 1,
    "content_type": 15,
    "object_id": "6",
    "object_repr": "Order 6",
    "action_flag": 3,
    "change_message": ""
  }
},
{
  "model": "admin.logentry",
  "pk": 517,
  "fields": {
    "action_time": "2024-05-23T14:21:03.920Z",
    "user": 1,
    "content_type": 15,
    "object_id": "5",
    "object_repr": "Order 5",
    "action_flag": 3,
    "change_message": ""
  }
},
{
  "model": "admin.logentry",
  "pk": 518,
  "fields": {
    "action_time": "2024-05-23T14:21:03.920Z",
    "user": 1,
    "content_type": 15,
    "object_id": "4",
    "object_repr": "Order 4",
    "action_flag": 3,
    "change_message": ""
  }
},
{
  "model": "admin.logentry",
  "pk": 519,
  "fields": {
    "action_time": "2024-05-23T14:21:03.936Z",
    "user": 1,
    "content_type": 15,
    "object_id": "3",
    "object_repr": "Order 3",
    "action_flag": 3,
    "change_message": ""
  }
},
{
  "model": "admin.logentry",
  "pk": 520,
  "fields": {
    "action_time": "2024-05-23T14:21:03.936Z",
    "user": 1,
    "content_type": 15,
    "object_id": "2",
    "object_repr": "Order 2",
    "action_flag": 3,
    "change_message": ""
  }
},
{
  "model": "admin.logentry",
  "pk": 521,
  "fields": {
    "action_time": "2024-05-23T14:21:03.952Z",
    "user": 1,
    "content_type": 15,
    "object_id": "1",
    "object_repr": "Order 1",
    "action_flag": 3,
    "change_message": ""
  }
},
{
  "model": "admin.logentry",
  "pk": 522,
  "fields": {
    "action_time": "2024-05-23T17:12:16.991Z",
    "user": 1,
    "content_type": 15,
    "object_id": "133",
    "object_repr": "Order 133",
    "action_flag": 3,
    "change_message": ""
  }
},
{
  "model": "admin.logentry",
  "pk": 523,
  "fields": {
    "action_time": "2024-05-23T17:12:16.991Z",
    "user": 1,
    "content_type": 15,
    "object_id": "132",
    "object_repr": "Order 132",
    "action_flag": 3,
    "change_message": ""
  }
},
{
  "model": "admin.logentry",
  "pk": 524,
  "fields": {
    "action_time": "2024-05-23T17:12:17.007Z",
    "user": 1,
    "content_type": 15,
    "object_id": "131",
    "object_repr": "Order 131",
    "action_flag": 3,
    "change_message": ""
  }
},
{
  "model": "admin.logentry",
  "pk": 525,
  "fields": {
    "action_time": "2024-05-23T17:12:17.007Z",
    "user": 1,
    "content_type": 15,
    "object_id": "130",
    "object_repr": "Order 130",
    "action_flag": 3,
    "change_message": ""
  }
},
{
  "model": "admin.logentry",
  "pk": 526,
  "fields": {
    "action_time": "2024-05-23T17:12:17.023Z",
    "user": 1,
    "content_type": 15,
    "object_id": "129",
    "object_repr": "Order 129",
    "action_flag": 3,
    "change_message": ""
  }
},
{
  "model": "admin.logentry",
  "pk": 527,
  "fields": {
    "action_time": "2024-05-23T17:12:17.023Z",
    "user": 1,
    "content_type": 15,
    "object_id": "128",
    "object_repr": "Order 128",
    "action_flag": 3,
    "change_message": ""
  }
},
{
  "model": "admin.logentry",
  "pk": 528,
  "fields": {
    "action_time": "2024-05-23T17:12:17.038Z",
    "user": 1,
    "content_type": 15,
    "object_id": "127",
    "object_repr": "Order 127",
    "action_flag": 3,
    "change_message": ""
  }
},
{
  "model": "admin.logentry",
  "pk": 529,
  "fields": {
    "action_time": "2024-05-23T17:12:17.038Z",
    "user": 1,
    "content_type": 15,
    "object_id": "126",
    "object_repr": "Order 126",
    "action_flag": 3,
    "change_message": ""
  }
},
{
  "model": "admin.logentry",
  "pk": 530,
  "fields": {
    "action_time": "2024-05-23T17:12:17.054Z",
    "user": 1,
    "content_type": 15,
    "object_id": "125",
    "object_repr": "Order 125",
    "action_flag": 3,
    "change_message": ""
  }
},
{
  "model": "admin.logentry",
  "pk": 531,
  "fields": {
    "action_time": "2024-05-23T17:12:17.054Z",
    "user": 1,
    "content_type": 15,
    "object_id": "124",
    "object_repr": "Order 124",
    "action_flag": 3,
    "change_message": ""
  }
},
{
  "model": "admin.logentry",
  "pk": 532,
  "fields": {
    "action_time": "2024-05-23T17:12:17.070Z",
    "user": 1,
    "content_type": 15,
    "object_id": "123",
    "object_repr": "Order 123",
    "action_flag": 3,
    "change_message": ""
  }
},
{
  "model": "admin.logentry",
  "pk": 533,
  "fields": {
    "action_time": "2024-05-23T18:44:28.156Z",
    "user": 1,
    "content_type": 15,
    "object_id": "144",
    "object_repr": "Order 144",
    "action_flag": 3,
    "change_message": ""
  }
},
{
  "model": "admin.logentry",
  "pk": 534,
  "fields": {
    "action_time": "2024-05-23T18:44:28.209Z",
    "user": 1,
    "content_type": 15,
    "object_id": "143",
    "object_repr": "Order 143",
    "action_flag": 3,
    "change_message": ""
  }
},
{
  "model": "admin.logentry",
  "pk": 535,
  "fields": {
    "action_time": "2024-05-23T18:44:28.209Z",
    "user": 1,
    "content_type": 15,
    "object_id": "142",
    "object_repr": "Order 142",
    "action_flag": 3,
    "change_message": ""
  }
},
{
  "model": "admin.logentry",
  "pk": 536,
  "fields": {
    "action_time": "2024-05-23T18:44:28.225Z",
    "user": 1,
    "content_type": 15,
    "object_id": "141",
    "object_repr": "Order 141",
    "action_flag": 3,
    "change_message": ""
  }
},
{
  "model": "admin.logentry",
  "pk": 537,
  "fields": {
    "action_time": "2024-05-23T18:44:28.225Z",
    "user": 1,
    "content_type": 15,
    "object_id": "140",
    "object_repr": "Order 140",
    "action_flag": 3,
    "change_message": ""
  }
},
{
  "model": "admin.logentry",
  "pk": 538,
  "fields": {
    "action_time": "2024-05-23T18:44:28.241Z",
    "user": 1,
    "content_type": 15,
    "object_id": "139",
    "object_repr": "Order 139",
    "action_flag": 3,
    "change_message": ""
  }
},
{
  "model": "admin.logentry",
  "pk": 539,
  "fields": {
    "action_time": "2024-05-23T18:44:28.256Z",
    "user": 1,
    "content_type": 15,
    "object_id": "138",
    "object_repr": "Order 138",
    "action_flag": 3,
    "change_message": ""
  }
},
{
  "model": "admin.logentry",
  "pk": 540,
  "fields": {
    "action_time": "2024-05-23T18:44:28.256Z",
    "user": 1,
    "content_type": 15,
    "object_id": "137",
    "object_repr": "Order 137",
    "action_flag": 3,
    "change_message": ""
  }
},
{
  "model": "admin.logentry",
  "pk": 541,
  "fields": {
    "action_time": "2024-05-23T18:44:28.272Z",
    "user": 1,
    "content_type": 15,
    "object_id": "136",
    "object_repr": "Order 136",
    "action_flag": 3,
    "change_message": ""
  }
},
{
  "model": "admin.logentry",
  "pk": 542,
  "fields": {
    "action_time": "2024-05-23T18:44:28.272Z",
    "user": 1,
    "content_type": 15,
    "object_id": "135",
    "object_repr": "Order 135",
    "action_flag": 3,
    "change_message": ""
  }
},
{
  "model": "admin.logentry",
  "pk": 543,
  "fields": {
    "action_time": "2024-05-23T18:44:28.288Z",
    "user": 1,
    "content_type": 15,
    "object_id": "134",
    "object_repr": "Order 134",
    "action_flag": 3,
    "change_message": ""
  }
},
{
  "model": "auth.permission",
  "pk": 1,
  "fields": {
    "name": "Can add log entry",
    "content_type": 1,
    "codename": "add_logentry"
  }
},
{
  "model": "auth.permission",
  "pk": 2,
  "fields": {
    "name": "Can change log entry",
    "content_type": 1,
    "codename": "change_logentry"
  }
},
{
  "model": "auth.permission",
  "pk": 3,
  "fields": {
    "name": "Can delete log entry",
    "content_type": 1,
    "codename": "delete_logentry"
  }
},
{
  "model": "auth.permission",
  "pk": 4,
  "fields": {
    "name": "Can view log entry",
    "content_type": 1,
    "codename": "view_logentry"
  }
},
{
  "model": "auth.permission",
  "pk": 5,
  "fields": {
    "name": "Can add permission",
    "content_type": 2,
    "codename": "add_permission"
  }
},
{
  "model": "auth.permission",
  "pk": 6,
  "fields": {
    "name": "Can change permission",
    "content_type": 2,
    "codename": "change_permission"
  }
},
{
  "model": "auth.permission",
  "pk": 7,
  "fields": {
    "name": "Can delete permission",
    "content_type": 2,
    "codename": "delete_permission"
  }
},
{
  "model": "auth.permission",
  "pk": 8,
  "fields": {
    "name": "Can view permission",
    "content_type": 2,
    "codename": "view_permission"
  }
},
{
  "model": "auth.permission",
  "pk": 9,
  "fields": {
    "name": "Can add group",
    "content_type": 3,
    "codename": "add_group"
  }
},
{
  "model": "auth.permission",
  "pk": 10,
  "fields": {
    "name": "Can change group",
    "content_type": 3,
    "codename": "change_group"
  }
},
{
  "model": "auth.permission",
  "pk": 11,
  "fields": {
    "name": "Can delete group",
    "content_type": 3,
    "codename": "delete_group"
  }
},
{
  "model": "auth.permission",
  "pk": 12,
  "fields": {
    "name": "Can view group",
    "content_type": 3,
    "codename": "view_group"
  }
},
{
  "model": "auth.permission",
  "pk": 13,
  "fields": {
    "name": "Can add user",
    "content_type": 4,
    "codename": "add_user"
  }
},
{
  "model": "auth.permission",
  "pk": 14,
  "fields": {
    "name": "Can change user",
    "content_type": 4,
    "codename": "change_user"
  }
},
{
  "model": "auth.permission",
  "pk": 15,
  "fields": {
    "name": "Can delete user",
    "content_type": 4,
    "codename": "delete_user"
  }
},
{
  "model": "auth.permission",
  "pk": 16,
  "fields": {
    "name": "Can view user",
    "content_type": 4,
    "codename": "view_user"
  }
},
{
  "model": "auth.permission",
  "pk": 17,
  "fields": {
    "name": "Can add content type",
    "content_type": 5,
    "codename": "add_contenttype"
  }
},
{
  "model": "auth.permission",
  "pk": 18,
  "fields": {
    "name": "Can change content type",
    "content_type": 5,
    "codename": "change_contenttype"
  }
},
{
  "model": "auth.permission",
  "pk": 19,
  "fields": {
    "name": "Can delete content type",
    "content_type": 5,
    "codename": "delete_contenttype"
  }
},
{
  "model": "auth.permission",
  "pk": 20,
  "fields": {
    "name": "Can view content type",
    "content_type": 5,
    "codename": "view_contenttype"
  }
},
{
  "model": "auth.permission",
  "pk": 21,
  "fields": {
    "name": "Can add session",
    "content_type": 6,
    "codename": "add_session"
  }
},
{
  "model": "auth.permission",
  "pk": 22,
  "fields": {
    "name": "Can change session",
    "content_type": 6,
    "codename": "change_session"
  }
},
{
  "model": "auth.permission",
  "pk": 23,
  "fields": {
    "name": "Can delete session",
    "content_type": 6,
    "codename": "delete_session"
  }
},
{
  "model": "auth.permission",
  "pk": 24,
  "fields": {
    "name": "Can view session",
    "content_type": 6,
    "codename": "view_session"
  }
},
{
  "model": "auth.permission",
  "pk": 25,
  "fields": {
    "name": "Can add category",
    "content_type": 7,
    "codename": "add_category"
  }
},
{
  "model": "auth.permission",
  "pk": 26,
  "fields": {
    "name": "Can change category",
    "content_type": 7,
    "codename": "change_category"
  }
},
{
  "model": "auth.permission",
  "pk": 27,
  "fields": {
    "name": "Can delete category",
    "content_type": 7,
    "codename": "delete_category"
  }
},
{
  "model": "auth.permission",
  "pk": 28,
  "fields": {
    "name": "Can view category",
    "content_type": 7,
    "codename": "view_category"
  }
},
{
  "model": "auth.permission",
  "pk": 29,
  "fields": {
    "name": "Can add product",
    "content_type": 8,
    "codename": "add_product"
  }
},
{
  "model": "auth.permission",
  "pk": 30,
  "fields": {
    "name": "Can change product",
    "content_type": 8,
    "codename": "change_product"
  }
},
{
  "model": "auth.permission",
  "pk": 31,
  "fields": {
    "name": "Can delete product",
    "content_type": 8,
    "codename": "delete_product"
  }
},
{
  "model": "auth.permission",
  "pk": 32,
  "fields": {
    "name": "Can view product",
    "content_type": 8,
    "codename": "view_product"
  }
},
{
  "model": "auth.permission",
  "pk": 33,
  "fields": {
    "name": "Can add type",
    "content_type": 9,
    "codename": "add_type"
  }
},
{
  "model": "auth.permission",
  "pk": 34,
  "fields": {
    "name": "Can change type",
    "content_type": 9,
    "codename": "change_type"
  }
},
{
  "model": "auth.permission",
  "pk": 35,
  "fields": {
    "name": "Can delete type",
    "content_type": 9,
    "codename": "delete_type"
  }
},
{
  "model": "auth.permission",
  "pk": 36,
  "fields": {
    "name": "Can view type",
    "content_type": 9,
    "codename": "view_type"
  }
},
{
  "model": "auth.permission",
  "pk": 37,
  "fields": {
    "name": "Can add size",
    "content_type": 10,
    "codename": "add_size"
  }
},
{
  "model": "auth.permission",
  "pk": 38,
  "fields": {
    "name": "Can change size",
    "content_type": 10,
    "codename": "change_size"
  }
},
{
  "model": "auth.permission",
  "pk": 39,
  "fields": {
    "name": "Can delete size",
    "content_type": 10,
    "codename": "delete_size"
  }
},
{
  "model": "auth.permission",
  "pk": 40,
  "fields": {
    "name": "Can view size",
    "content_type": 10,
    "codename": "view_size"
  }
},
{
  "model": "auth.permission",
  "pk": 41,
  "fields": {
    "name": "Can add source",
    "content_type": 11,
    "codename": "add_source"
  }
},
{
  "model": "auth.permission",
  "pk": 42,
  "fields": {
    "name": "Can change source",
    "content_type": 11,
    "codename": "change_source"
  }
},
{
  "model": "auth.permission",
  "pk": 43,
  "fields": {
    "name": "Can delete source",
    "content_type": 11,
    "codename": "delete_source"
  }
},
{
  "model": "auth.permission",
  "pk": 44,
  "fields": {
    "name": "Can view source",
    "content_type": 11,
    "codename": "view_source"
  }
},
{
  "model": "auth.permission",
  "pk": 45,
  "fields": {
    "name": "Can add thumbnail",
    "content_type": 12,
    "codename": "add_thumbnail"
  }
},
{
  "model": "auth.permission",
  "pk": 46,
  "fields": {
    "name": "Can change thumbnail",
    "content_type": 12,
    "codename": "change_thumbnail"
  }
},
{
  "model": "auth.permission",
  "pk": 47,
  "fields": {
    "name": "Can delete thumbnail",
    "content_type": 12,
    "codename": "delete_thumbnail"
  }
},
{
  "model": "auth.permission",
  "pk": 48,
  "fields": {
    "name": "Can view thumbnail",
    "content_type": 12,
    "codename": "view_thumbnail"
  }
},
{
  "model": "auth.permission",
  "pk": 49,
  "fields": {
    "name": "Can add thumbnail dimensions",
    "content_type": 13,
    "codename": "add_thumbnaildimensions"
  }
},
{
  "model": "auth.permission",
  "pk": 50,
  "fields": {
    "name": "Can change thumbnail dimensions",
    "content_type": 13,
    "codename": "change_thumbnaildimensions"
  }
},
{
  "model": "auth.permission",
  "pk": 51,
  "fields": {
    "name": "Can delete thumbnail dimensions",
    "content_type": 13,
    "codename": "delete_thumbnaildimensions"
  }
},
{
  "model": "auth.permission",
  "pk": 52,
  "fields": {
    "name": "Can view thumbnail dimensions",
    "content_type": 13,
    "codename": "view_thumbnaildimensions"
  }
},
{
  "model": "auth.permission",
  "pk": 53,
  "fields": {
    "name": "Can add order item",
    "content_type": 14,
    "codename": "add_orderitem"
  }
},
{
  "model": "auth.permission",
  "pk": 54,
  "fields": {
    "name": "Can change order item",
    "content_type": 14,
    "codename": "change_orderitem"
  }
},
{
  "model": "auth.permission",
  "pk": 55,
  "fields": {
    "name": "Can delete order item",
    "content_type": 14,
    "codename": "delete_orderitem"
  }
},
{
  "model": "auth.permission",
  "pk": 56,
  "fields": {
    "name": "Can view order item",
    "content_type": 14,
    "codename": "view_orderitem"
  }
},
{
  "model": "auth.permission",
  "pk": 57,
  "fields": {
    "name": "Can add order",
    "content_type": 15,
    "codename": "add_order"
  }
},
{
  "model": "auth.permission",
  "pk": 58,
  "fields": {
    "name": "Can change order",
    "content_type": 15,
    "codename": "change_order"
  }
},
{
  "model": "auth.permission",
  "pk": 59,
  "fields": {
    "name": "Can delete order",
    "content_type": 15,
    "codename": "delete_order"
  }
},
{
  "model": "auth.permission",
  "pk": 60,
  "fields": {
    "name": "Can view order",
    "content_type": 15,
    "codename": "view_order"
  }
},
{
  "model": "auth.permission",
  "pk": 61,
  "fields": {
    "name": "Can add profile",
    "content_type": 16,
    "codename": "add_profile"
  }
},
{
  "model": "auth.permission",
  "pk": 62,
  "fields": {
    "name": "Can change profile",
    "content_type": 16,
    "codename": "change_profile"
  }
},
{
  "model": "auth.permission",
  "pk": 63,
  "fields": {
    "name": "Can delete profile",
    "content_type": 16,
    "codename": "delete_profile"
  }
},
{
  "model": "auth.permission",
  "pk": 64,
  "fields": {
    "name": "Can view profile",
    "content_type": 16,
    "codename": "view_profile"
  }
},
{
  "model": "auth.permission",
  "pk": 65,
  "fields": {
    "name": "Can add wishlist item",
    "content_type": 17,
    "codename": "add_wishlistitem"
  }
},
{
  "model": "auth.permission",
  "pk": 66,
  "fields": {
    "name": "Can change wishlist item",
    "content_type": 17,
    "codename": "change_wishlistitem"
  }
},
{
  "model": "auth.permission",
  "pk": 67,
  "fields": {
    "name": "Can delete wishlist item",
    "content_type": 17,
    "codename": "delete_wishlistitem"
  }
},
{
  "model": "auth.permission",
  "pk": 68,
  "fields": {
    "name": "Can view wishlist item",
    "content_type": 17,
    "codename": "view_wishlistitem"
  }
},
{
  "model": "auth.permission",
  "pk": 69,
  "fields": {
    "name": "Can add coupon",
    "content_type": 18,
    "codename": "add_coupon"
  }
},
{
  "model": "auth.permission",
  "pk": 70,
  "fields": {
    "name": "Can change coupon",
    "content_type": 18,
    "codename": "change_coupon"
  }
},
{
  "model": "auth.permission",
  "pk": 71,
  "fields": {
    "name": "Can delete coupon",
    "content_type": 18,
    "codename": "delete_coupon"
  }
},
{
  "model": "auth.permission",
  "pk": 72,
  "fields": {
    "name": "Can view coupon",
    "content_type": 18,
    "codename": "view_coupon"
  }
},
{
  "model": "auth.permission",
  "pk": 73,
  "fields": {
    "name": "Can add product score",
    "content_type": 19,
    "codename": "add_productscore"
  }
},
{
  "model": "auth.permission",
  "pk": 74,
  "fields": {
    "name": "Can change product score",
    "content_type": 19,
    "codename": "change_productscore"
  }
},
{
  "model": "auth.permission",
  "pk": 75,
  "fields": {
    "name": "Can delete product score",
    "content_type": 19,
    "codename": "delete_productscore"
  }
},
{
  "model": "auth.permission",
  "pk": 76,
  "fields": {
    "name": "Can view product score",
    "content_type": 19,
    "codename": "view_productscore"
  }
},
{
  "model": "auth.permission",
  "pk": 77,
  "fields": {
    "name": "Can add interaction",
    "content_type": 20,
    "codename": "add_interaction"
  }
},
{
  "model": "auth.permission",
  "pk": 78,
  "fields": {
    "name": "Can change interaction",
    "content_type": 20,
    "codename": "change_interaction"
  }
},
{
  "model": "auth.permission",
  "pk": 79,
  "fields": {
    "name": "Can delete interaction",
    "content_type": 20,
    "codename": "delete_interaction"
  }
},
{
  "model": "auth.permission",
  "pk": 80,
  "fields": {
    "name": "Can view interaction",
    "content_type": 20,
    "codename": "view_interaction"
  }
},
{
  "model": "auth.permission",
  "pk": 81,
  "fields": {
    "name": "Can add review",
    "content_type": 24,
    "codename": "add_review"
  }
},
{
  "model": "auth.permission",
  "pk": 82,
  "fields": {
    "name": "Can change review",
    "content_type": 24,
    "codename": "change_review"
  }
},
{
  "model": "auth.permission",
  "pk": 83,
  "fields": {
    "name": "Can delete review",
    "content_type": 24,
    "codename": "delete_review"
  }
},
{
  "model": "auth.permission",
  "pk": 84,
  "fields": {
    "name": "Can view review",
    "content_type": 24,
    "codename": "view_review"
  }
},
{
  "model": "auth.user",
  "pk": 1,
  "fields": {
    "password": "pbkdf2_sha256$720000$543PqG9UC4FotBC0iGZbmj$oNh1gf+ztDAe687Tr/6CG30fJEKmVNK4Xfd3a8mG1q0=",
    "last_login": "2024-05-23T01:34:01.672Z",
    "is_superuser": true,
    "username": "shoes_store",
    "first_name": "",
    "last_name": "",
    "email": "",
    "is_staff": true,
    "is_active": true,
    "date_joined": "2024-01-07T19:00:02Z",
    "groups": [],
    "user_permissions": []
  }
},
{
  "model": "auth.user",
  "pk": 7,
  "fields": {
    "password": "pbkdf2_sha256$720000$yHQhIuDyuTUtCU9qovukDQ$i7Cr6A2Lo/hzpTyEvW1bgdrq+xI0bYkcnoFoQuVGN0k=",
    "last_login": "2024-04-15T13:41:29.198Z",
    "is_superuser": false,
    "username": "pineapple",
    "first_name": "Den",
    "last_name": "Astanin",
    "email": "astanindenys@gmail.com",
    "is_staff": false,
    "is_active": true,
    "date_joined": "2024-02-12T20:28:40.866Z",
    "groups": [],
    "user_permissions": []
  }
},
{
  "model": "auth.user",
  "pk": 8,
  "fields": {
    "password": "pbkdf2_sha256$720000$zyUTicPktxMEx0nhsld83N$wGzGWVVKBlPJNn4XkTHTiVSiqP+AT+W66nFF3r1H76w=",
    "last_login": "2024-05-22T20:17:13.776Z",
    "is_superuser": false,
    "username": "pineaplle",
    "first_name": "SysF",
    "last_name": "SysL",
    "email": "astanindenys@outlook.com",
    "is_staff": false,
    "is_active": true,
    "date_joined": "2024-02-12T21:18:19Z",
    "groups": [],
    "user_permissions": []
  }
},
{
  "model": "auth.user",
  "pk": 10,
  "fields": {
    "password": "pbkdf2_sha256$720000$URJezcYV1LH4Wfknxmmo5b$74PAi5BwISVBBPYdYbFd+J707NSxMjn/kH8DovonBIo=",
    "last_login": "2024-05-21T15:12:31.109Z",
    "is_superuser": false,
    "username": "",
    "first_name": "Jack",
    "last_name": "",
    "email": "astanindenisya@gmail.com",
    "is_staff": false,
    "is_active": true,
    "date_joined": "2024-05-21T15:12:11.157Z",
    "groups": [],
    "user_permissions": []
  }
},
{
  "model": "contenttypes.contenttype",
  "pk": 1,
  "fields": {
    "app_label": "admin",
    "model": "logentry"
  }
},
{
  "model": "contenttypes.contenttype",
  "pk": 2,
  "fields": {
    "app_label": "auth",
    "model": "permission"
  }
},
{
  "model": "contenttypes.contenttype",
  "pk": 3,
  "fields": {
    "app_label": "auth",
    "model": "group"
  }
},
{
  "model": "contenttypes.contenttype",
  "pk": 4,
  "fields": {
    "app_label": "auth",
    "model": "user"
  }
},
{
  "model": "contenttypes.contenttype",
  "pk": 5,
  "fields": {
    "app_label": "contenttypes",
    "model": "contenttype"
  }
},
{
  "model": "contenttypes.contenttype",
  "pk": 6,
  "fields": {
    "app_label": "sessions",
    "model": "session"
  }
},
{
  "model": "contenttypes.contenttype",
  "pk": 7,
  "fields": {
    "app_label": "shop",
    "model": "category"
  }
},
{
  "model": "contenttypes.contenttype",
  "pk": 8,
  "fields": {
    "app_label": "shop",
    "model": "product"
  }
},
{
  "model": "contenttypes.contenttype",
  "pk": 9,
  "fields": {
    "app_label": "shop",
    "model": "type"
  }
},
{
  "model": "contenttypes.contenttype",
  "pk": 10,
  "fields": {
    "app_label": "shop",
    "model": "size"
  }
},
{
  "model": "contenttypes.contenttype",
  "pk": 11,
  "fields": {
    "app_label": "easy_thumbnails",
    "model": "source"
  }
},
{
  "model": "contenttypes.contenttype",
  "pk": 12,
  "fields": {
    "app_label": "easy_thumbnails",
    "model": "thumbnail"
  }
},
{
  "model": "contenttypes.contenttype",
  "pk": 13,
  "fields": {
    "app_label": "easy_thumbnails",
    "model": "thumbnaildimensions"
  }
},
{
  "model": "contenttypes.contenttype",
  "pk": 14,
  "fields": {
    "app_label": "orders",
    "model": "orderitem"
  }
},
{
  "model": "contenttypes.contenttype",
  "pk": 15,
  "fields": {
    "app_label": "orders",
    "model": "order"
  }
},
{
  "model": "contenttypes.contenttype",
  "pk": 16,
  "fields": {
    "app_label": "account",
    "model": "profile"
  }
},
{
  "model": "contenttypes.contenttype",
  "pk": 17,
  "fields": {
    "app_label": "account",
    "model": "wishlistitem"
  }
},
{
  "model": "contenttypes.contenttype",
  "pk": 18,
  "fields": {
    "app_label": "coupons",
    "model": "coupon"
  }
},
{
  "model": "contenttypes.contenttype",
  "pk": 19,
  "fields": {
    "app_label": "shop",
    "model": "productscore"
  }
},
{
  "model": "contenttypes.contenttype",
  "pk": 20,
  "fields": {
    "app_label": "shop",
    "model": "interaction"
  }
},
{
  "model": "contenttypes.contenttype",
  "pk": 21,
  "fields": {
    "app_label": "shop",
    "model": "categorytranslation"
  }
},
{
  "model": "contenttypes.contenttype",
  "pk": 22,
  "fields": {
    "app_label": "shop",
    "model": "producttranslation"
  }
},
{
  "model": "contenttypes.contenttype",
  "pk": 23,
  "fields": {
    "app_label": "shop",
    "model": "typetranslation"
  }
},
{
  "model": "contenttypes.contenttype",
  "pk": 24,
  "fields": {
    "app_label": "shop",
    "model": "review"
  }
},
{
  "model": "sessions.session",
  "pk": "06rd9z9d9d3ym74xwyt24tm0os3fyy4b",
  "fields": {
    "session_data": ".eJxlizEOgCAQBP-y9cUImgj8hiAFhUQBCyX8XSk0GpopZncyjA4JKmOs2Hbtk0sH1ECI7rSx2qnCzVBMErxeLNTt6PPmhDU4Uwcpu56hEMRTcfZW4lexpiqtKRdXXy71:1rQBCf:LqI2gD9PsoVyRWozbo1Gxd2ZYhzJGRmrCwm5-g-1FVU",
    "expire_date": "2024-01-31T19:03:57.677Z"
  }
},
{
  "model": "sessions.session",
  "pk": "0o7mdk63rh625dg75ho7y378eicytosm",
  "fields": {
    "session_data": "eyJjYXJ0Ijp7fX0:1rmCNv:w0b5olSOSq8nF-LDPZBweMUUgMZsKhfR6_pe1tQPO5U",
    "expire_date": "2024-04-01T12:46:35.006Z"
  }
},
{
  "model": "sessions.session",
  "pk": "12s1n1no5a1urpi71s4u7fq9tgdvwfwd",
  "fields": {
    "session_data": "eyJjYXJ0Ijp7fX0:1rZAlg:IGn-PG4HNWVys8K7Eda7PChKwItpLZOQbTwplC3Vq7E",
    "expire_date": "2024-02-25T14:25:16.002Z"
  }
},
{
  "model": "sessions.session",
  "pk": "14jkd8hc8z2yvfvg06dt8d6kidmqwqi5",
  "fields": {
    "session_data": ".eJyVj0sOwjAMRO_idRTFadI2uQyKCotIiE9rFlD57mBUPg1Ugo0X4_H4zQhd6gniCF7G8ZR2lOkMERUM-bIZRG1l5DVEO6kQb5qauw997mThKm0RmEtFAe0pbVeFT0E1f-xej98yvNe-_sgwcu-WwZsHOIYneLMEHoI2d6C_6k5XXColKoZWGyvx9S990WoTvvVlvgIBQn_M:1rQZRO:9FNBN8Vu-aT3X5T5hdkPYplkfRI2KXVozkKMA8t0vHg",
    "expire_date": "2024-02-01T20:56:46.143Z"
  }
},
{
  "model": "sessions.session",
  "pk": "1g1atqph456d5rt1vof9h2oiv5wj1ftg",
  "fields": {
    "session_data": ".eJxljTsOgzAQRO-yNUL-YDB0iZRzWMtiCysEEjBFgrh7bImGpJnizRvNBoRzgGYDleK14hh8eEPDM1j8xy6J6hS-g0YcFJrIsrP9nD2lopC54LDvvySDMAUczL9ncA29WRc7m3QCFZxYi3S3YyqQaFrHkKfOxmfC4Kcxvz3QD5fIrod5mve49HEraus6dJwJ6UQtSXErOSlq2xqVbrm2rGOs1sS1cKiRFaicFKXEokTLK9i_uHRdkw:1rZthF:lQoiRQPKVZAzako9stahSUbIO8Jp4MO5c-kZ3Le6PpI",
    "expire_date": "2024-02-27T14:23:41.533Z"
  }
},
{
  "model": "sessions.session",
  "pk": "1h8gqoj4sn3t7rp8gi4rnc19wduq3dmi",
  "fields": {
    "session_data": ".eJxljTESgjAQRe-yNZMhISGB0t4zMJtklagDSkKhDHeXjDZo84v3399dwOGUoF2gyvGYcUghPaHlBcTwopipzhH8BpsPhXZjxd6-T8HlQimmaljXX1JAGhPeun-vwzn13Rxp6vIT4LBjFt2Vhlz4Cw7nkblxSFOwLCvs20Z2HD3dDl93d6DH2G_r0lsnyJDgjSahXIO1xQrlCZErRaRPzhjBla2FrstSkxTGOy6lrEgbX8L6BnTXXeo:1rcQjj:rd3AZ2vzBMJTnsdCfTO3oXYibc7pRA05VRZ7nE2OlBQ",
    "expire_date": "2024-03-05T14:04:43.755Z"
  }
},
{
  "model": "sessions.session",
  "pk": "1sredyck40bz486agxklz60l6a2bcekc",
  "fields": {
    "session_data": ".eJyFkttqhDAURX9F8hy8ROON1H8o9HFAUpMyAW_VKEwH_70ndRxtJfQlhL3WTuAkd1TxQaP8jkKzfE681UrfUB5gNKovOZo0MYsSEGZrinLI8MEmGPWDqgyg1KUxWjBKXLr1iL_3IMW_7zk100OTPJvpv83lb4LR1AuuZbm1yo9uaMqrbmpwmFBzwWr-LmsH8pcL3Pg0L6h4fWxz5v1IBRtlLSvttLyRYO-qo8Spzbpeq651Zl5Pxg5AW_tSFAHzVnzSCFSJlYZAQyuNgEZWSoFSK42BxlaaAE2sNAWaWmkGNLPSwAcc-Dv31iEVTLX9pB196412VULIFkb4mH03y2FQQkKynfQ2TPLwFLsBZ5qXht-gO83rcvsjhBCXRPBtlm9Y4fzk:1rQWru:ZEd3Lh7seRQsRljfaeA5eCVuBQxOxebEC8r-Kz3rDDc",
    "expire_date": "2024-02-01T18:11:58.201Z"
  }
},
{
  "model": "sessions.session",
  "pk": "1srfwfqrv29829wmu48wsoa1dcn13lah",
  "fields": {
    "session_data": ".eJyrVkpOLCpRsqpWMgERhaWJeSWZJZVKVkY6SsWZVanFIFFzEJGZomRlaKmjlJeYm6pkBRTTQVJtqKNUUJSZDJKwtNQzMFSq1VGygOkyMoTrsiCgqxaLOaa4HUbYCiOEgSbGekaoVkBFdJSMUa0wJNfvpqZ6pmYoVsBEagGWvmeW:1rQCDp:dC3_D2xzvT9jZIEcDRQUz8raPv8kDbaD7P6y1uFc-tk",
    "expire_date": "2024-01-31T20:09:13.144Z"
  }
},
{
  "model": "sessions.session",
  "pk": "1x9qy6q57pf012eskc24am4h2hngmykl",
  "fields": {
    "session_data": ".eJyrVkpOLCpRsqpWMgURhaWJeSWZJZVKVoY6SsWZVanFIFELEJGZomRlBBTNS8xNVbICiumgqi4oykwGSZgY6xkZKtXWYorUAgAW5iAx:1rQB9n:MrpaphdjlGky5CaIjVzxkRnKzMiC1Rj1-nSAMwYtOgg",
    "expire_date": "2024-01-31T19:00:59.315Z"
  }
},
{
  "model": "sessions.session",
  "pk": "1z4qfncq02lxf6gwedp5so1035kekf24",
  "fields": {
    "session_data": ".eJxVi0sKgzAQQO-SdZGk-Zi4a6HnkMlkBkPbCJqsxLtXoRu377MJhKWKYdtvYoRWp7GttIw5iUF4cWER8E3lFIA4t1K701GpGaHmuXSvL-TP42DPf3nZJ1in4zWonXSerDLI3CtJzkaj0Sn2NrA0vSGbomJISqfEFHzQoddGsbqzjGL_AcoUOqo:1rwSAq:jsJM4oaKdmob46AwIttyVrYtkm6EcQHCNs7zFD95P04",
    "expire_date": "2024-04-29T19:39:28.341Z"
  }
},
{
  "model": "sessions.session",
  "pk": "2bjvchtjhj2r2p9n3ze0vkcs6edg44ig",
  "fields": {
    "session_data": ".eJyVj80OwiAQhN9lz4QAlrbwMg2pHIiNP2Vrog3vbglWhaQaL0C-ndkZZkDrsTvYG-j0vJphskCgNyOCnqGOx2UyR3S4iDgB7-7WR9pSGS-3By1E4suWSEnuOI-ujyMuKFMQCDSrj6uXr_nhCiUhgCc0Q7dSUVHexu277crNR2X2jt6uLCWVdRaeSBn-1BGovoT_82ulKONZcCJl8KoLD2yFhaI:1rTSlT:l6xQz-mLjh6Lnfv6eA8GHMtT5tJRAxkG_MgCc0_SRYk",
    "expire_date": "2024-02-09T20:25:27.983Z"
  }
},
{
  "model": "sessions.session",
  "pk": "2d8cvr68bdx3jiwl1k5zez16h7hd38uc",
  "fields": {
    "session_data": "eyJjYXJ0Ijp7fX0:1sBwE3:52_xuLUryIwd2pbrDLCjCkTRvHXVk61792LG0jGzjmI",
    "expire_date": "2024-06-11T12:46:47.841Z"
  }
},
{
  "model": "sessions.session",
  "pk": "3swj4eft49v3avv6u45bqiruncmnaznr",
  "fields": {
    "session_data": ".eJxli0sKgCAURfdyxyLZh9LNhFgDIfr5GpS495IosCZ3cO45HkavBOVRxlk2PZKlHapgcPboXaR1HNtBCXlTqIux1J5Xa-IhJc8EAkPzVLl4qyap8l8VvoSBJtJD-9BSVjyrLjGc82s15A:1rQXpa:U9V_R1LBr4OoQKBslmxuG8RbS1sWsZSwuc26clbDerA",
    "expire_date": "2024-02-01T19:13:38.091Z"
  }
},
{
  "model": "sessions.session",
  "pk": "3sxa7ubdgkl6z9i2rbuxqmr60iis2lyj",
  "fields": {
    "session_data": "eyJjYXJ0Ijp7fX0:1rQYQ9:Bt5dxcj7XJ6QGvrNazkZXU39VJO-C8uDz2A6KCTOWwc",
    "expire_date": "2024-02-01T19:51:25.208Z"
  }
},
{
  "model": "sessions.session",
  "pk": "3yyg1zqg91gfv944dfofzftbd6set3pj",
  "fields": {
    "session_data": ".eJyrVkpOLCpRsqpWMgYRhaWJeSWZJZVKVgY6SsWZVanFIFFzEJGZomRlaKmjlJeYm6pkBRTTQVJtqKNUUJSZDJIwNdUzNVOqrcUUqQUAGE8gSQ:1rQ9Ic:ONlhSA3koSQGn500hJiJ7Nx5OO3LLGUzglt9ZBZrZY8",
    "expire_date": "2024-01-31T17:01:58.151Z"
  }
},
{
  "model": "sessions.session",
  "pk": "46yafwr7ux6n1n05fsahf7bijho73fpw",
  "fields": {
    "session_data": "eyJjYXJ0Ijp7fX0:1s9r3Y:IWlMlvyQIosvAYiFFfE_LQMThGSKBLDJ_o6-xoTrEAM",
    "expire_date": "2024-06-05T18:51:20.238Z"
  }
},
{
  "model": "sessions.session",
  "pk": "4hmdw5yhts1it59tcfknnowixjwzpeta",
  "fields": {
    "session_data": ".eJyrVkpOLCpRsqpWMgURhaWJeSWZJZVKVgY6SsWZVanFSlbR1UqZKUpWRoY6SnmJualKVkoWSjpIKoHiBUWZySAJE2M9I0Ol2lgMkdpaAKlTHzo:1rQ7Dh:ovOcaJ1t0j-iuR-K-umi1cyQaLUSuScKL_THiJF3eD8",
    "expire_date": "2024-01-31T14:48:45.804Z"
  }
},
{
  "model": "sessions.session",
  "pk": "4kws1zyozbc36n32sqbbw0p3mnrzjfik",
  "fields": {
    "session_data": ".eJyrVkpOLCpRsqpWMgURhaWJeSWZJZVKVgY6SsWZVanFSlbR1UqZKUpWRoY6SnmJualKVkoWSjpIKk11lAqKMpNBEibGekaGSrU6UB1GCB16pih6DA0wNMViiNTWAgCZRi2-:1rQ7xP:RzpK06r6QhoIWvs3_5CAZwLFyXh_vVWp5Dz34RqJhDc",
    "expire_date": "2024-01-31T15:35:59.564Z"
  }
},
{
  "model": "sessions.session",
  "pk": "672zaxxq7f6lfk18tf3alh70che4vq6c",
  "fields": {
    "session_data": ".eJyNzDsKgDAYA-C7ZC6lT6W9jBTpUBBf_R1Uend1FBVcMoR82dGGmeB31FdMS-gp0QovGXLaYj7bwjDOqY3wkIoLBwYaKHTNvT1n5s-Hc1zIx4e4vP3jjebqw-u716_eWm6rN1_KAdWpUtY:1rRY5b:DodzNd2mm-myj00V5Jlj7XjLexF0P4NDjoBfayd5J_I",
    "expire_date": "2024-02-04T13:42:19.176Z"
  }
},
{
  "model": "sessions.session",
  "pk": "6cxdonv8fkdmaezvec27cr4ut56i4ynr",
  "fields": {
    "session_data": "eyJjYXJ0Ijp7fX0:1rTkl9:S3McM4Bd5u7t0iW6WG6xTEQqFcFv_PEp8ejl_SUo2Aw",
    "expire_date": "2024-02-10T15:38:19.327Z"
  }
},
{
  "model": "sessions.session",
  "pk": "6d7zwzphx2j9v6b3yh1fe624qnidhokf",
  "fields": {
    "session_data": ".eJyrVkpOLCpRsqpWMgERhaWJeSWZJZVKVgY6SsWZVanFSlbR1UqZKUpWhpY6SnmJualKVkrmSjpIKg11lAqKMpNBEpaWegaGSrWxGCK1tQCrtR9R:1rQ7WQ:9hJkzCBTHqN0Hx5kGfiOHMOz3UeFDLUOwq1QA8XmWCE",
    "expire_date": "2024-01-31T15:08:06.325Z"
  }
},
{
  "model": "sessions.session",
  "pk": "73vdeghs58vlbiqgdf94691tlt4atc20",
  "fields": {
    "session_data": "eyJjYXJ0Ijp7IjQiOnsicXVhbnRpdHkiOjE5LCJwcmljZSI6Ijk5LjAxIn19fQ:1rPuXn:xNUxew_1-Mz4HjcVa0Q5f_P-mQdjBjlgKqvHqfKrTmk",
    "expire_date": "2024-01-31T01:16:39.066Z"
  }
},
{
  "model": "sessions.session",
  "pk": "7gbhg1vnzz5xhsxodqle8ldscg9iq1gr",
  "fields": {
    "session_data": ".eJyrVkpOLCpRsqpWMgERhaWJeSWZJZVKVoY6SsWZVanFIFFzEJGZAhS0hIgqWQHFdFBVFxRlJoMkLC31DAyVamvRRXSUSvJLEnPi0dXVAgAusSbm:1rQU1n:T3Kal4qCwa_2LEme-3DTljSwODO5WfMYY-IPcEQFYuM",
    "expire_date": "2024-02-01T15:09:59.445Z"
  }
},
{
  "model": "sessions.session",
  "pk": "7ji5guhdj46g6tpk5e62dlrx8bbjaj96",
  "fields": {
    "session_data": "eyJjYXJ0Ijp7fX0:1rU912:uA6-XfCWOSuLulHQ4CNXnEaQ25uAG3h8aVV3ktKrucQ",
    "expire_date": "2024-02-11T17:32:20.997Z"
  }
},
{
  "model": "sessions.session",
  "pk": "7mizj581t6ikasmj4syb3iz5tnat3iul",
  "fields": {
    "session_data": ".eJyrVkpOLCpRsqpWMgERhaWJeSWZJZVKViY6SsWZVanFIFFzEJGZomRlaAkRVbICiukgqTbWUSooykwGSVha6hkYKtXWoovoKJXklyTmxMNEjSzN9QyMgQprAVamJx0:1rQVb5:3mdPPRUo3U0j4DnGY8IkFKpXbljyDN4m95je2oXw0cI",
    "expire_date": "2024-02-01T16:50:31.897Z"
  }
},
{
  "model": "sessions.session",
  "pk": "7q9qm1cre3ryradwtinl6a8k5t7l9zq6",
  "fields": {
    "session_data": ".eJyrVkpOLCpRsqpWMgERhaWJeSWZJZVKVgY6SsWZVanFIFFzEJGZomRlaKmjlJeYm6pkBRTTQVJtqKNUUJSZDJKwtNQzMFSqrcUQ0VEyppIVpqZ6pmYoVkBFdJRMcVthAbPCyBBuhQWKFUYIA02M9YxQfQETqQUABgBY5g:1rQ8v0:f5bYPOH3Ut0Evz8s-y0eNFZG7H5wmTHe48ln8ycGK8U",
    "expire_date": "2024-01-31T16:37:34.948Z"
  }
},
{
  "model": "sessions.session",
  "pk": "8cbwh49md3agdhpe48jdwvdh1de6p0pt",
  "fields": {
    "session_data": ".eJyrVkpOLCpRsqpWMgERhaWJeSWZJZVKVoY6SsWZVanFIFFzEJGZAhS01FHKS8xNVbICiumgqi4oykwGSVha6hkYKtXqKFnAdBkZwnVZENBVi8UcU9wOI8kKE2M9I1QrYCK1APywSzY:1rQDRI:D3NXITQkV4w0Q-WiBxXM-tJLvArqP_o0qugNxvMUiXg",
    "expire_date": "2024-01-31T21:27:12.896Z"
  }
},
{
  "model": "sessions.session",
  "pk": "8w3mlsx2475i5bub4080vryq12lqfao7",
  "fields": {
    "session_data": ".eJxVjMsKwyAQRf_FdQlOfUSza6HfEcbRIdLWQKKrkH9vAl2023PuuZsYsdVpbGtaxhzFIJy4_LKA9EzlFEg0t1K706VSM2HNc-keb8yv28Hu3-VfPuE6Ha0mZaV1yYAm5h5ksiZoRRbYGc9S9zqZGIAxgoqRk3de-V5pYLiyDMcp4VLFsO37B8HeOqo:1rjh0p:pw_0Z11RklZ6RaoxDHAS9AK-UZkRevohns1Smih-z_s",
    "expire_date": "2024-03-25T14:52:23.264Z"
  }
},
{
  "model": "sessions.session",
  "pk": "a2q6wsoaof2qkew33d2684tqdcrqg6j5",
  "fields": {
    "session_data": ".eJyVj7EOgzAMRP_lZivCFAeSv4koQ4aiFtKhRfn3NlJpsejC4uHsu3de0IcpwS9oyrjdw5hiesBbwhyfw1zUtox4hmdHGMNlgH9rtLkWwnWKfVk4ZypGJnSrq-avq1Mu3rnyn5yTLiaHijW_QBEjViE-CsFqBB9CbL7g2lROIVYlvwCvFmet:1rQINm:KMyRFK_IL5UXLzIwh0t-EkT4zj7Ad4BhurgFwqyhjqk",
    "expire_date": "2024-02-01T02:43:54.914Z"
  }
},
{
  "model": "sessions.session",
  "pk": "a3qbobc7gi9a02osnp37n99uf22noduc",
  "fields": {
    "session_data": ".eJyrVkpOLCpRsqpWsgQRhaWJeSWZJZVKVoY6SsWZVanFQNFaHaWCoszkVCUrJTNjPQNDJR2lkvySxJx4VFGgMgtizDA11TMwxjDDQKm2thYARkorww:1s97Dp:xA7Ohflr7JiF1NWhPHXBCJjHaT2H3W2i2c2qzqNjqSo",
    "expire_date": "2024-06-03T17:54:53.264Z"
  }
},
{
  "model": "sessions.session",
  "pk": "ad94gcekc5rl9wkyw65789ez5sh2da36",
  "fields": {
    "session_data": "eyJjYXJ0Ijp7fX0:1sBk1H:WStd7MuXmcnb7fAkpgfAjv2DdaHIFV4_SEeNkmN71hQ",
    "expire_date": "2024-06-10T23:44:47.028Z"
  }
},
{
  "model": "sessions.session",
  "pk": "anjv2pbdmkrcvm8vgk86c3sgsziycfsj",
  "fields": {
    "session_data": "eyJjYXJ0Ijp7fX0:1sBpfY:iTaHp4sSQDw93_S6fuJnIXf-gMOlAiZKra0DH1MHPb8",
    "expire_date": "2024-06-11T05:46:44.861Z"
  }
},
{
  "model": "sessions.session",
  "pk": "axeaarzj4fvx3s6a0uxgma9vtw171aef",
  "fields": {
    "session_data": ".eJxVjEsOgzAMBe_idRXFhChxl933DMjYTqGtQOKzQty9RWLD9s3M20B4WuC-7TdoeF26Zp1tanqFOyDCZWxZPjYcRN88vEYn47BMfesOxZ10ds9R7fs43ctBx3P3rxNmX_sSKZAEiZqsRh8yVahGlZKxb2PAmIoUE_VZkwTKGJBSMWLYfzLJOwU:1s9XW1:gDKe8Cu4HllF2e9oOA5Pv90QjpG89vzWsvNtkBAjoBg",
    "expire_date": "2024-06-04T21:59:25.139Z"
  }
},
{
  "model": "sessions.session",
  "pk": "b27o80vgzausszrmx5qgrafn1ghrvs9w",
  "fields": {
    "session_data": ".eJyFkMsOgyAQRf9l1mQCIyjwMw2xXZA0fShdtIZ_b6lRkda40eSQM_fODNC6LoAdoEqf-8Ndgg9PsIJB71-nPtEGVfr5I1jiIwf7pSwziMGt8216UgpVDZGBzkyaTV2Y4o_ZTJ4wS-KOFUvCIFyDOx8mSkRIMo2X622rfNvd5GxTY5CLVfJIymRhNHJKyfXmnbMhgpCbnyE8-Wq7uZ5vLZZbbzWXFdK6-UjKUF2j_BSP8Q02mp_E:1rRddW:y5kK6IbhtwQ27-LqsJzD_FGlRy6SpqxpQHY-YHU7aEI",
    "expire_date": "2024-02-04T19:37:42.517Z"
  }
},
{
  "model": "sessions.session",
  "pk": "b2ytzuki2cbvi4v6nsrtn56v5t08wt03",
  "fields": {
    "session_data": ".eJyFzs0KwjAMwPF3ybmUprE4-zJSpoeC-LHFg46-u81EG6awSwv_9Ec6QZ8GhjgBkpy3ezpz5gfEYGDMz-MotbNBrnyA6P27Q5yrUaJOrkPuZbQhSwTFwM66jyT8Sqla4h_ZNelR7VyX6NTS9t05r1pUa7fN4sKGH1uWxQBfOJ32rdbs6sPyAn-zZpw:1s97Sm:GChRFQCkulyVMbzzqxss33C4qDfCHqyGI7nvLQ6Cjx0",
    "expire_date": "2024-06-03T18:10:20.525Z"
  }
},
{
  "model": "sessions.session",
  "pk": "bel5q6l9r2cpolwi89se8vx2hknkjpu8",
  "fields": {
    "session_data": "eyJjYXJ0Ijp7fX0:1rjh3b:uA2nqgMxZ084sJsHTKzHUtaHOrcam83Rlc-fbTA7LWk",
    "expire_date": "2024-03-25T14:55:15.826Z"
  }
},
{
  "model": "sessions.session",
  "pk": "bpv3dnvxh6rnzs2wyl36pdnl7cq2rtp5",
  "fields": {
    "session_data": "eyJjYXJ0Ijp7fX0:1rTmGa:VW72gADvxTwvflQeU7khudzy7OliZ4mrWzCFAtUXpNg",
    "expire_date": "2024-02-10T17:14:52.904Z"
  }
},
{
  "model": "sessions.session",
  "pk": "bpwxcxn0ct96ycj8gnc6xdniziiy5dvd",
  "fields": {
    "session_data": "eyJjYXJ0Ijp7IjQiOnsicXVhbnRpdHkiOjAsInNpemVzIjpbXSwicHJpY2UiOiI5OS4wMSJ9fX0:1rQ6UD:9V3-_L5khBrT-JKA0vzKN4WMkNskF1SVXOe8_p1GJ84",
    "expire_date": "2024-01-31T14:01:45.480Z"
  }
},
{
  "model": "sessions.session",
  "pk": "brly9kcmok5nx0ut55vbg4eokn2j8ecd",
  "fields": {
    "session_data": "eyJvcmRlcl9pZCI6MTQ1LCJzdHJpcGVfcGF5bWVudF9pbnRlbnQiOm51bGwsImNhcnQiOnt9fQ:1sAJNv:hfz7TZJdR_LaKs-JwaP5vpQf1fagT9uufMiEr95BZAU",
    "expire_date": "2024-06-07T01:06:15.660Z"
  }
},
{
  "model": "sessions.session",
  "pk": "cqk72felsezx1ndyiiheej18k2a775mo",
  "fields": {
    "session_data": "eyJjYXJ0Ijp7fX0:1s97Q7:1L8xY84Vl-GKW0Qcs5rC8G2z36a_7hg3zl7RJPvu62o",
    "expire_date": "2024-06-03T18:07:35.468Z"
  }
},
{
  "model": "sessions.session",
  "pk": "cw8d3bhyi73z901m2y7u918zp9c187cn",
  "fields": {
    "session_data": "eyJjYXJ0Ijp7fX0:1sBr8M:LDQxfdmYQpYsP16uP6MP5dGQvaGS7PX75oFcflPicYY",
    "expire_date": "2024-06-11T07:20:34.626Z"
  }
},
{
  "model": "sessions.session",
  "pk": "cxm4sygv0454855cgvx787dbxpqzmpav",
  "fields": {
    "session_data": ".eJxljc0OgjAQhN9lz4R0bfkpN018DrJs29CooFAOSnh32-gFvczhm28yKzBNAZoVVIrHQkPw4QkNZjD7l50TrVJ4E6H-UGgiy_b2ffKcCq1zgbBtvySDMAa6tv9eS0vo22W2U5tOoIYd64gvdkgFMY_LEPLU2fjMFPw45Ocb-esxstPX3M17mvu4VSxLUda2QMXOVShsWXRKcomuLrQTqlK2MB06MiiNcVbXWupKKnR4cKKD7Q25K113:1rblkf:wrBRhp6jjoCe4Qh-lHXW--LBdb_GfULKGgiqAOU93XE",
    "expire_date": "2024-03-03T18:18:57.926Z"
  }
},
{
  "model": "sessions.session",
  "pk": "cxuz81kb0sr4gi3m7zicecyyrldoxsz9",
  "fields": {
    "session_data": ".eJx1jTkOgCAURO8y9Q8BXOE2RC0oNC5YqOHu-gu3GJsp3kzmbajcGGA3pBzD7LrgwwIrCZNfm4lpweFrWGUInWsb2IPRY60J_egrLowRUiHGDyHk_4pSZKdE60vC9KlJ7lOlhTQvzUniDvFGPVg:1rQ8yd:cvAYbPNmRhHO34BAhY_Waodqkmxb4xWo0JNN29CJ-cg",
    "expire_date": "2024-01-31T16:41:19.321Z"
  }
},
{
  "model": "sessions.session",
  "pk": "d3r92i5tqjy4tahpn7mhyou0f2ty2twk",
  "fields": {
    "session_data": "eyJjYXJ0Ijp7fX0:1s0itb:GdulZmHG3EHjKR0aTs7R74yuG-rSu0kjM10O0kp9q7U",
    "expire_date": "2024-05-11T14:19:19.849Z"
  }
},
{
  "model": "sessions.session",
  "pk": "d97t1lrtagju5u49qs3vxbbg3bjoqt9s",
  "fields": {
    "session_data": ".eJx1j8lOxDAMht_F5ypKmqXLDSSeo3IdR40Y2qFNDzDqu5MAI9SRuPjw_Zt8A8I1QX8DW877jnOK6QN6VcEWP3nL9KjgukZi6MFoUSuoIC0JL8OdSsgW_W8eGvFdHj30tfzhOVVodU7cC60V1sFxPJLH4T_fgHuahn3jdSgz0MKJjUivPBcBiZZ9TqJonJcJU1xm8fKG8fKU2fOv8xSfcJvK96SddC1bZSiERkl2djSanAqt7YI0jWHrRxXQK-194K7tdNdoo4Kqgxzh-AJoqnG8:1reILH:PHWMth5APlaX-XiTZ3kVv3N6IHCFvaab0rtn0QCsVSk",
    "expire_date": "2024-03-10T17:31:11.751Z"
  }
},
{
  "model": "sessions.session",
  "pk": "dpozzh4ic58cmhz3vhlonmixl79d3oi8",
  "fields": {
    "session_data": ".eJyrVkpOLCpRsqpWMgYRhaWJeSWZJZVKVoY6SsWZVanFQNFaHaWCoszkVCUrJVNTPVMzJR2lkvySxJx4mKiBElCJCTH6LS31DAwx9ENEa2trAWM7K9M:1rjgr4:nTQgD1uuIxQuAj3KuFgG6JSFnLnX_utakMsVESobhGY",
    "expire_date": "2024-03-25T14:42:18.767Z"
  }
},
{
  "model": "sessions.session",
  "pk": "drxsr2194zs7d1w2w0jj1od3d3bissfi",
  "fields": {
    "session_data": ".eJxVjEsOgzAMBe_idRXFhChxl933DMjYTqGtQOKzQty9RWLD9s3M20B4WuC-7TdoeF26Zp1tanqFOyDCZWxZPjYcRN88vEYn47BMfesOxZ10ds9R7fs43ctBx3P3rxNmX_sSKZAEiZqsRh8yVahGlZKxb2PAmIoUE_VZkwTKGJBSMWLYfzLJOwU:1s9Xk9:m0LHoC-90ZqdLFMZ6QxCs_4CbRqtSoUpwHF5oICWD9g",
    "expire_date": "2024-06-04T22:14:01.168Z"
  }
},
{
  "model": "sessions.session",
  "pk": "etpco7p75ypgbpiqwrrjaoj7fyd9bek6",
  "fields": {
    "session_data": "eyJjYXJ0Ijp7fX0:1s9s5l:U7jmhgzt4s6F7wA75gdY5Ui57BQzlKnl5wCsh64WmUw",
    "expire_date": "2024-06-05T19:57:41.247Z"
  }
},
{
  "model": "sessions.session",
  "pk": "eysluanc7zt6k8enxl9bttkqfg1hudnk",
  "fields": {
    "session_data": "eyJjYXJ0Ijp7fX0:1s9Wud:yOQSUaYti86JZhInEnZBUhNesnCxobYxvHWEtc_RbKE",
    "expire_date": "2024-06-04T21:20:47.412Z"
  }
},
{
  "model": "sessions.session",
  "pk": "f8kdpe78aa514m26ov1depkzcf6fcegq",
  "fields": {
    "session_data": "eyJjYXJ0Ijp7fX0:1sBsjM:gGf2jIhgHYeRfpC-XPNmbwQsMgWkEBddOhXbMqFUEOI",
    "expire_date": "2024-06-11T09:02:52.810Z"
  }
},
{
  "model": "sessions.session",
  "pk": "fk1asdgyfb4c7p7up6dws5t8bosp3xn3",
  "fields": {
    "session_data": "eyJjYXJ0Ijp7fX0:1rPPNU:KhvBx-G-WQVB7MwsbFAdaNtQA-_-lrhk_W52-3xbr1s",
    "expire_date": "2024-01-29T15:59:56.719Z"
  }
},
{
  "model": "sessions.session",
  "pk": "fp22db1j54iy5zei8unk78xpl9w4c810",
  "fields": {
    "session_data": "eyJjYXJ0Ijp7IjMiOnsicXVhbnRpdHkiOjIsInNpemUiOlsiTm9uZSIsIk5vbmUiXSwicHJpY2UiOiI1NS41NiJ9fX0:1rPumF:EHnws5Q5KrOos8SMAzY_sKLB80dTr6wg8JVEhjwj5BE",
    "expire_date": "2024-01-31T01:31:35.089Z"
  }
},
{
  "model": "sessions.session",
  "pk": "frjp951guljespgx1qug6xj9y0qkx3ta",
  "fields": {
    "session_data": ".eJx1z0sOwiAQgOG7zJpMGFoqcBnTVBckxkeLC224uxCkdkjczOJn4AsrTOMcwK3Q5_F4jtfgwwucErD493nJ1eThTylSqeBSE3z7PvspH1iLkiDGtggItzBejrWSNSgVpL2Oy7STD6g3W252roLfqK9qjXpgeimt_t0TMHC82-OVJvuj_32bFErL4FJaWPVIJu3FD7Fibbw:1rTQqg:UZG6P5e74cl13OeJpOMfIORXmcilajw8gn_wmtB0zkQ",
    "expire_date": "2024-02-09T18:22:42.294Z"
  }
},
{
  "model": "sessions.session",
  "pk": "g05s545mw1298fqj80tmxgrwj7ypj45h",
  "fields": {
    "session_data": ".eJxVi0sKgzAURfeScZF8jCbOKnQdcvN8wdA2gsaRuPcqdOL0fHZBWIro9uMhBmxlGraVlyGNohOtuLEAenO-BIjmLZfqcpxLIpQ05-r1Rfo8T9b_y9s-YZ3OV3uOI6KS2kTtDVnFRpGlEDysC8qxHKX0jpTTEQ6yho1GNwZ1A1atOH7iADrl:1rtcMZ:lc5Gg3u3rufJ00QeeaslIxGWXFP1fIQAzHIsFprBbu4",
    "expire_date": "2024-04-21T23:55:51.901Z"
  }
},
{
  "model": "sessions.session",
  "pk": "g0aduweoisij5gmzse520aeoz1scc5m1",
  "fields": {
    "session_data": ".eJyrVkpOLCpRsqpWsgARhaWJeSWZJZVKVoY6SsWZVanFIFEjPVMQlZmiZGVkDBFXsgKL6qDqKCjKTAZJmZrqGRgr1daii-goleSXJObEo6urBQCmtieP:1s98PC:BjIH-kwIetzIZegEZR133Upxqio_UHI0J48syaYNQ0A",
    "expire_date": "2024-06-03T19:10:42.964Z"
  }
},
{
  "model": "sessions.session",
  "pk": "g0gbbiczqnb8ne6z2ic3eoncr4ai0c7f",
  "fields": {
    "session_data": "eyJjYXJ0Ijp7fX0:1sBwWa:iocOofFdyRlFY2oKmfm3gXYfFtAYjWOPsTGKmGGfR5s",
    "expire_date": "2024-06-11T13:05:56.751Z"
  }
},
{
  "model": "sessions.session",
  "pk": "gaiyb861ebq2575ltyuz4sjoa9au898b",
  "fields": {
    "session_data": ".eJyrVkpOLCpRsqpWMgYRhaWJeSWZJZVKVoY6SsWZVanFIFFzEJGZAhS01FHKS8xNVbICiumgqi4oykwGSZia6pmaKdXWYojoKBnHm2O1hDzjTajkYEtLPQNDFAfDRGoBLSZTcw:1rQ9gC:NfAupSOyAe1d5YukOIcoF8G5ndofFK0ehBbuRXZ87xs",
    "expire_date": "2024-01-31T17:26:20.092Z"
  }
},
{
  "model": "sessions.session",
  "pk": "gdhnmk1ffar01n7ftolu7xb6bovguek6",
  "fields": {
    "session_data": ".eJxVi0sKgzAQQO8y6yImTuJnV6HnkJkxg6FtBI0r8e5V6Mbt--wgtGTo9uMBA215GrY1LEMcoQNTwg0yyTuky5DIvKVcXC6kHIVynFPx-lL8PE_W_8vbPtE6na8zzhrl2hmp0DeiDSvWUltkMzpkVqmorNiwVVSrraexxYDWnzygg-MH96c7Sw:1s9Rgp:PXhgDpgRIJx0J08ym9GntQtnerfvnxtkNpJ2z7UYgHU",
    "expire_date": "2024-06-04T15:46:11.770Z"
  }
},
{
  "model": "sessions.session",
  "pk": "gnlpqs5ae9c3kn10wdluchhevxx7zosa",
  "fields": {
    "session_data": ".eJx1jjsOgCAYg-_SmRBBfzXchqgDg8YHDmq4u2Ki4mvp0OZru6DQvYVaQF66UTfW2AkqYhjMXA3ezfkemhJKSoZG1xXU7rKAEBvS9qbwWRJzKeAY8hMUF3jHXpT76In_32XBu-gcyR7v6Col4pTeZg7HrSM9TOc:1rQ98U:cVYo9eCaFyNCSXRkV1Twj76BYnWo9PlknLQh862VQks",
    "expire_date": "2024-01-31T16:51:30.133Z"
  }
},
{
  "model": "sessions.session",
  "pk": "gowcn18tk800paionmlnbr4ag5eqcmmm",
  "fields": {
    "session_data": "eyJjYXJ0Ijp7fX0:1rU9a1:UKwmYQ4dErsRiOArA1ZwXZtt60aP2_rEE7vFGhn8CNw",
    "expire_date": "2024-02-11T18:08:29.017Z"
  }
},
{
  "model": "sessions.session",
  "pk": "grbifz3txakf109eu9nt09perp7k70n4",
  "fields": {
    "session_data": ".eJyNjs0KgzAQhN9lzsuSRCNNXqYE6yFQ-qPbQyv77sa2HioVvOzhY77ZGdGmXhBH1PO5P9JFsjwRLWHIr24oVAm3PrcdIkJgY0GQq6TzcaEGJeL3-HXFbsNvNn0c-F2eT4jOfXixZkq_xlJoHZsA1TVZP_7mCNWe8d6zb_6NV50AbMFiLA:1rTS9L:96eu2VzgFR-bZNx5fJWL0XeJwJY7aWGoBL8ljwDaGH0",
    "expire_date": "2024-02-09T19:46:03.244Z"
  }
},
{
  "model": "sessions.session",
  "pk": "h79sxfl7ume4e9fs1fthhmd7ce3955hd",
  "fields": {
    "session_data": ".eJyrVkpOLCpRsqpWMgERhaWJeSWZJZVKVoY6SsWZVanFIFFzEJGZAhS0hIgqWQHFdFBVFxRlJoMkLC31DAyVamvRRXSUSvJLEnPi0dXVAgAusSbm:1rTjab:KBchRPy_l4BbY01kf41zmvs-GQtEYRA3sodS9lLNDwk",
    "expire_date": "2024-02-10T14:23:21.738Z"
  }
},
{
  "model": "sessions.session",
  "pk": "h9sauptq6ibzwedi7hbouw9n6lk2sbfa",
  "fields": {
    "session_data": ".eJyrVkpOLCpRsqpWMgERhaWJeSWZJZVKVoY6SsWZVanFIFFzEJGZAhS0hIgqWQHFdFBVFxRlJoMkLC31DAyVamvRRXSUSvJLEnPi0dXVAgAusSbm:1rTU95:cxIxoJHOYXLO1hIg0GTvklLy6x1_GtMiif9339rtPWY",
    "expire_date": "2024-02-09T21:53:55.005Z"
  }
},
{
  "model": "sessions.session",
  "pk": "hdagxqeds6hyd6exeqqn3snaordfqgul",
  "fields": {
    "session_data": ".eJyrVkpOLCpRsqpWMgYRhaWJeSWZJZVKVoY6SsWZVanFIFFzEJGZAhS0hIgqWQHFdFBVFxRlJoMkTE31TM2UamvRRXSUSvJLEnPi0dXVAgAujSbr:1s6YWj:V2a-tEyyYNqkLPVrMZEJDvAMAU4o1LnEH3wOYjQKCMY",
    "expire_date": "2024-05-27T16:27:49.734Z"
  }
},
{
  "model": "sessions.session",
  "pk": "hgg0lh4r3ag5lr3xyst3ifrx98ypuwm2",
  "fields": {
    "session_data": ".eJyrVkpOLCpRsqpWMgERhaWJeSWZJZVKVoY6SsWZVanFIFELEJGZomRlBBVVsgKK6aCqLijKTAZJWFrqGRgq1daii-goleSXJObEo6urBQAtDibh:1rTQuk:4KjpPtYLV5DhMf6jJbsSnH54cXOgMTyBwhYv-jWqa_s",
    "expire_date": "2024-02-09T18:26:54.751Z"
  }
},
{
  "model": "sessions.session",
  "pk": "hgs1blemluagrgiy7zmrr9bn58mv0ug1",
  "fields": {
    "session_data": ".eJxlizsKgDAQBe_y6kX8sAb3NkFTpFA0xkIld9ctxECaKea9uTHaECE3OsV22CX6eEJqwu4vt6s1Cj9BmoGw2NlBXkfZuyOswY86MFfcIxFMxV_X1n_32rxsijKVJj38HS-7:1rQ8wZ:28P-94hzEgYIJLpIFmhZBagrXT6k0RPn-WZWiz5c5_c",
    "expire_date": "2024-01-31T16:39:11.215Z"
  }
},
{
  "model": "sessions.session",
  "pk": "hoj01ygc4g8qei0tg584yp6n411dwy07",
  "fields": {
    "session_data": "eyJjYXJ0Ijp7fX0:1rYu1l:IucRIezn88JA0TnOZrFnp8feQdgyO5JYjIefrrO0ybc",
    "expire_date": "2024-02-24T20:32:45.614Z"
  }
},
{
  "model": "sessions.session",
  "pk": "i9f5vr95xpmwwwxcc97g99q7y10pcqxg",
  "fields": {
    "session_data": ".eJyrVkpOLCpRsqpWMgERhaWJeSWZJZVKVoY6SsWZVanFIFFzEJGZAhS0hIgqWQHFdFBVFxRlJoMkLC31DAyVamvRRXSUSvJLEnPi0dXVAgAusSbm:1rTk1G:sXMl0IsishC4DUD52s1-EmakjcQdv87NspLN5iysYiI",
    "expire_date": "2024-02-10T14:50:54.288Z"
  }
},
{
  "model": "sessions.session",
  "pk": "id2x6ry5m4voftowwc00jkvvxd0lgwf9",
  "fields": {
    "session_data": ".eJyrVkpOLCpRsqpWMgMRhaWJeSWZJZVKVsY6SsWZVanFIFELPVMQlZmiZGVkpKOUl5ibqmQFFtVB0mGoo1RQlJkMkjI00jOwVKrVUTKH6TO0hOszR9FlhKGrFlOkFgDqHy-p:1rQBxq:tRU74kAkPrWnkY2ZJCRHBl5uaNcLudhg0peIc-bussQ",
    "expire_date": "2024-01-31T19:52:42.745Z"
  }
},
{
  "model": "sessions.session",
  "pk": "j9m3orl239zh4p1qcbi7xmrv8r0q6twr",
  "fields": {
    "session_data": ".eJyrVkpOLCpRsqpWMgYRhaWJeSWZJZVKVoY6SsWZVanFIFFzEJGZAhS0hIgqWQHFdFBVFxRlJoMkTE31TM2UamvRRXSUSvJLEnPi0dXVAgAujSbr:1rTU2M:ujPDU6dqZsQ_MPelS9mYPyF51FdEnAAUzH-mxpBkzps",
    "expire_date": "2024-02-09T21:46:58.483Z"
  }
},
{
  "model": "sessions.session",
  "pk": "jbhs388yokhg26xav2pesox297niibgq",
  "fields": {
    "session_data": ".eJyrVkpOLCpRsqpWMgYRhaWJeSWZJZVKVoZGOkrFmVWpxSBhCz1TEJWZomRlBBTPS8xNVbICi-oga9FRKijKTAZJmZrqmZop1eoomcP0GVrC9Zmj6DLH0FWLKVILABA5L_Y:1rQDKf:ZwNmxwESyFfPX7yP9PLillQ4ByWauQ-PXB04hB47PPA",
    "expire_date": "2024-01-31T21:20:21.424Z"
  }
},
{
  "model": "sessions.session",
  "pk": "jf7imhjpb59wtx4nzmzit3yyq1j6838s",
  "fields": {
    "session_data": ".eJxVjMsKwyAQRf_FdQlOfUSza6HfEcbRIdLWQKKrkH9vAl2023PuuZsYsdVpbGtaxhzFIJy4_LKA9EzlFEg0t1K706VSM2HNc-keb8yv28Hu3-VfPuE6Ha0mZaV1yYAm5h5ksiZoRRbYGc9S9zqZGIAxgoqRk3de-V5pYLiyDMcp4VLFsO37B8HeOqo:1rcS0P:l-rFSmOKv58vJ4wnqyBP3uZ58QsFGPF1R4ZqBJfkywk",
    "expire_date": "2024-03-05T15:26:01.088Z"
  }
},
{
  "model": "sessions.session",
  "pk": "k0dr37gg4dxt1gtygisj9gw610hmaxcf",
  "fields": {
    "session_data": ".eJyrVkpOLCpRsqpWMgURhaWJeSWZJZVKVoY6SsWZVanFIFELPbBkZoqSlZERRFzJCiyqg6qjoCgzGSRlYqxnZKhUW4suoqNUkl-SmBOPrq4WAKf-J44:1rTRxA:DEkv2kZuaJT5ulfRW5nZBdndAp6T8MTP0rd0hP6kuTk",
    "expire_date": "2024-02-09T19:33:28.823Z"
  }
},
{
  "model": "sessions.session",
  "pk": "kq38j79zdcdeqbmrw6zf9keiu0xrncgi",
  "fields": {
    "session_data": ".eJyrVkpOLCpRsqpWMgERhaWJeSWZJZVKVoY6SsWZVanFIFFzEJGZAhS0hIgqWQHFdFBVFxRlJoMkLC31DAyVamvRRXSUSvJLEnPi0dXVAgAusSbm:1rluQs:gs-ENcGy2nD8GuJxdNV94bDG7mFQAuNPs10l26XgFEM",
    "expire_date": "2024-03-31T17:36:26.104Z"
  }
},
{
  "model": "sessions.session",
  "pk": "kvz1l7yikyeiip6m809gdshet3h1azf5",
  "fields": {
    "session_data": ".eJyrVkpOLCpRsqpWMgERhaWJeSWZJZVKVoY6SsWZVanFIFFzEJGZAhS01FHKS8xNVbICiumgqi4oykwGSVha6hkYKtXWYorUAgAY_CBH:1rQAos:kSUOtF0TyY7HncwRNrexdwB6cgjnAp1-gmMvErFVGuY",
    "expire_date": "2024-01-31T18:39:22.023Z"
  }
},
{
  "model": "sessions.session",
  "pk": "l7s22ovpuibl5au3t183isjaoduhe38h",
  "fields": {
    "session_data": ".eJxljcFugzAMht_FZxQlqUmA4-57BmQSZ6SroCPh0CLevc3EYV0vtvT9329v4GjJ0G3QlvGz0pRjvkGnKkjxzqnQRsiyoodOHxy6X1q9Nq5LdCUyJyEV7Pt_UkGeM136d6-nNY_9mnjpyxso7h82kPvmqQT-TNPXLNw85SUOoijiSJP4nD1fPg735cBIaXy2tW9tCIM2hBxsTQGlamtbB8kG0SGyopNtGpSm8QNLZ5XT3qDSLVnGGvYHQJpeNw:1s9X4w:LQ5bFXY5x-a8UzqNcaGEcaNkFcakNoCr1Fe06ZCYyWM",
    "expire_date": "2024-06-04T21:31:26.588Z"
  }
},
{
  "model": "sessions.session",
  "pk": "lffebh6fymlhnfxlso6t72g6em6go4hf",
  "fields": {
    "session_data": "eyJjYXJ0Ijp7fX0:1sBln9:cXSjlOeWlphOvFaiGaqC2IS81vTzriOI5yyHr2gQS78",
    "expire_date": "2024-06-11T01:38:19.389Z"
  }
},
{
  "model": "sessions.session",
  "pk": "mfiov1feh6caywkudylllawwqljgzv53",
  "fields": {
    "session_data": ".eJxVjEEOgyAQRe8y64YAgqDL7j2DGYax2jaSAK6Md29N3Lj9772_A2Gu0O_HA0bc6jxuhfO4ROhBwW0LSB9eTxDfuL6SoLTWvARxKuKiRQwp8vd5ubeDGcv8r2UMpNmzVp1jbanDNmCDZkJU1jK7ibzXyoZWu1ZKx0b7SMoY07DzUcLxAzz4Oxg:1s0hSr:ywd7ZkjJOUnoE7IBF1249wi9Bb7weE14vBrNHXGHIy0",
    "expire_date": "2024-05-11T12:47:37.591Z"
  }
},
{
  "model": "sessions.session",
  "pk": "mgsiylnzjl10grrmtkldnngdcknfdfb0",
  "fields": {
    "session_data": "eyJjYXJ0Ijp7fX0:1rPpbs:rPf-GkGxl6orzq1Oq4yhOSPYiUzubO2P6JRZVvEOPBc",
    "expire_date": "2024-01-30T20:00:32.384Z"
  }
},
{
  "model": "sessions.session",
  "pk": "muv2id9n1lfresy625i1iw9zm3jeqqap",
  "fields": {
    "session_data": ".eJyrVkpOLCpRsqpWMgURhaWJeSWZJZVKVoY6SsWZVanFIFELEJGZomRlBBVVsgKK6aCqLijKTAZJmBjrGRkq1daii-goleSXJObEo6urBQAqZibH:1rQYDt:FSevTXwVbvKFcqCISa9ywLsQuWyeSnE9ailDwrsU3E0",
    "expire_date": "2024-02-01T19:38:45.976Z"
  }
},
{
  "model": "sessions.session",
  "pk": "myuem4hxwebe6cp8mnkx3ygjfayeeb6b",
  "fields": {
    "session_data": "eyJjYXJ0Ijp7fX0:1rcS85:ty6SiQ7SYBSCQXNX4qEH5GqB-efLAA8RFsIVdan2Vsw",
    "expire_date": "2024-03-05T15:33:57.535Z"
  }
},
{
  "model": "sessions.session",
  "pk": "n274sauz8pjjowlwehy6y6c5mmfbga5w",
  "fields": {
    "session_data": ".eJyrVkpOLCpRsqpWMgERhaWJeSWZJZVKVoY6SgVFmcmpSlZKlpZ6BoZKtTpKZqhKjBBKDI30DCyVamtrAdvTF_U:1rPuR2:lch1CfHGsiYjFXKvfBpagK-NWqV9yuRmV42xckIfStA",
    "expire_date": "2024-01-31T01:09:40.531Z"
  }
},
{
  "model": "sessions.session",
  "pk": "n6o5podyvufi1az2gmooi8vh3x0c8120",
  "fields": {
    "session_data": ".eJyFkt1qhDAQhV8l5FpW48_6Q-o7FHopSGpSGnBjqnFhu_junVTd1W2X5GIIZ74zgcy54ob1BhdXHNvyNTJlpLnggnh4kN9isGpqi-Qg5rOKC9C8Pa172dhGnh8CgqfpUfHwqDkzol5d9UfXn6BNdVkpBIe27F20COSXCp67gRUuX5drQf1faHUMohWNQYqdBHjuBiT5nxnWQjttZKfQmbWjdRBA5xmCl4T6cxvQ_-AQhoQOJgImcjAxMLGDSYBJHMwRmKODSYFJHUwGTOZgcmByB0MCgEiwo6g_f--ysG2FAVLp0SBz0db-KTkXChaybLM7i76XXICyvvDWj2Kz3DuxGU99XULYTGdYWz-E0sPJ85Rna8pDckt59izlcXQI9ylflekHRRASag:1rQWg5:ibfsI5B3DAG_dQVGs9Sm-AY4DR7r_qaiz8UeuJAXJ8w",
    "expire_date": "2024-02-01T17:59:45.640Z"
  }
},
{
  "model": "sessions.session",
  "pk": "n8brcap9xqx5r13ipl8lrqenbz0vfmnt",
  "fields": {
    "session_data": ".eJyrVkpOLCpRsqpWMgURhaWJeSWZJZVKVoY6SsWZVanFIFELEJGZomRlBBVVsgKK6aCqLijKTAZJmBjrGRkq1daii-goleSXJObEo6urBQAqZibH:1rZtgq:axXVg1IP4D9vJTlc4PFT0TPhozIjLd2-PNsHhV8KPhc",
    "expire_date": "2024-02-27T14:23:16.346Z"
  }
},
{
  "model": "sessions.session",
  "pk": "nhhb3wjrhog5vf51jk1dsado7keewf42",
  "fields": {
    "session_data": ".eJxVi0sKgzAURfeScZF8jCbOKnQdcvN8wdA2gsaRuPcqdOL0fHZBWIro9uMhBmxlGraVlyGNohOtuLEAenO-BIjmLZfqcpxLIpQ05-r1Rfo8T9b_y9s-YZ3OV3uOI6KS2kTtDVnFRpGlEDysC8qxHKX0jpTTEQ6yho1GNwZ1A1atOH7iADrl:1rdx52:q7PgYtYKWtdaBxnkeoRT3VjQaHdPdJKzRqhymbj56-Q",
    "expire_date": "2024-03-09T18:49:00.714Z"
  }
},
{
  "model": "sessions.session",
  "pk": "nrq4dvwuinifceskzwr0ed37jqyedzvw",
  "fields": {
    "session_data": "eyJjYXJ0Ijp7fX0:1sBvzB:wrl4vtW8XQKtnXGDxYGii_dp0-eHWIYJkj1pefOj0Vo",
    "expire_date": "2024-06-11T12:31:25.535Z"
  }
},
{
  "model": "sessions.session",
  "pk": "ny3wtsosc94ve7kt2a6nhhzdcjon1p2q",
  "fields": {
    "session_data": "eyJjYXJ0Ijp7fX0:1rYxaz:y0ZxB8BkrQvkZrsTIv_Gh7MfwjLBxhSEQrk-Aug7zc0",
    "expire_date": "2024-02-25T00:21:21.991Z"
  }
},
{
  "model": "sessions.session",
  "pk": "obbsan2dl1kqzrakuru8fwpw8z2syzfq",
  "fields": {
    "session_data": ".eJyNjcsOgjAQRf9l1oT0QaFlp4nfQYZhGhoVFMpCCf9uSdwQN25mce65d1YgnCLUK5j9PBccYogvqGUGc3jznOiWwWMKxFBDoXMlIYM4Rrw1R5q04p8N53LxuyFgS06DS-ybZeapCV2iFRxYi3TlYQ-QaFyGmO8Zp3eEMYxDfrljuJ0SO3_NQ73HuU9d5dh36KVQ2iunyUjWkgy1rUNjW2lZdEI4S9IqjxZFgcZrVWosSmRZwfYBFi5ijQ:1rZsbh:kxVLo01dCOHbuLP35AUurtOAbkcgCVVv_hc3Ut8-ySo",
    "expire_date": "2024-02-27T13:13:53.107Z"
  }
},
{
  "model": "sessions.session",
  "pk": "oewo9gs85c2m4unfposghkr19lph5itl",
  "fields": {
    "session_data": ".eJxVi0sKgzAURfeScZF8jCbOKnQdcvN8wdA2gsaRuPcqdOL0fHZBWIro9uMhBmxlGraVlyGNohOtuLEAenO-BIjmLZfqcpxLIpQ05-r1Rfo8T9b_y9s-YZ3OV3uOI6KS2kTtDVnFRpGlEDysC8qxHKX0jpTTEQ6yho1GNwZ1A1atOH7iADrl:1rr1rR:DifV2K9zUXQ_bSH3TKIIlw7sFhrSeXG9gPqoYF6QI_8",
    "expire_date": "2024-04-14T20:33:01.400Z"
  }
},
{
  "model": "sessions.session",
  "pk": "oil892itrmgn7mswmlujtqtsw5g37dcn",
  "fields": {
    "session_data": ".eJytj0EKwjAQRe_y10NIpk00uYpkEWoXWVi0jQsNvbsWi1VCUcTNLP7Me8zPaEKf4DLqaZzOoUsxXeAkYYjXdoDbZcQ9nLKELhxaOGxAL5dMOPaxmRbWCqkw-iIhmF_1apEpFtLeZQ-C-UlshV57aWZ8aUH1h8ZaC23e9HNC0B_0rJb_1_R1JVh909gUjC-ScbwBwfGOCA:1rQ7sQ:hw85iqgXeukBB684UHBeCh_nEWEKjJzrduUU5oeeqVw",
    "expire_date": "2024-01-31T15:30:50.200Z"
  }
},
{
  "model": "sessions.session",
  "pk": "ouyuxxcdx5s4vb99nnbmja4gm2x9iq28",
  "fields": {
    "session_data": "eyJjYXJ0Ijp7fX0:1rlvvY:F8_y9cIg0tw-5ilB3au3PFpQ3fzhxsvTIVP-Q04Z_04",
    "expire_date": "2024-03-31T19:12:12.991Z"
  }
},
{
  "model": "sessions.session",
  "pk": "owciiwx9ol1lhknp88xaeiflsercsdcz",
  "fields": {
    "session_data": "eyJjYXJ0Ijp7fX0:1sBtd6:1my9nPePpVJI2YHzp1q-75NOrR4pCO8zmz6ywF9iJnk",
    "expire_date": "2024-06-11T10:00:28.176Z"
  }
},
{
  "model": "sessions.session",
  "pk": "oyzfta57aipjtjp1s0d04l352je4868w",
  "fields": {
    "session_data": "eyJvcmRlcl9pZCI6MTQ2LCJzdHJpcGVfcGF5bWVudF9pbnRlbnQiOm51bGwsImNhcnQiOnt9fQ:1sAJRa:OrmBUQ8C6tELfMaXx5tSVrkCE-iXHWeeKg3Hv_rm3N0",
    "expire_date": "2024-06-07T01:10:02.905Z"
  }
},
{
  "model": "sessions.session",
  "pk": "p4wik6te2x370674vod4ay68ikvl9wxx",
  "fields": {
    "session_data": ".eJytj8sKgzAQRf_lrofQqKkmP1OCdREoPqeLVvLvNUQLCbhzcxdnDhxmRWtnhllRhpnetmfHHxhJWNy3WwKtw7jnBnWkMBuj1B5n14aDUkLd4X1OCDywfT0yj6DOw80RLuQ_3JyFq1IUMglHkod3j1Bd9LHW4paGI8nDh-d_76Fsvg:1rTOl1:9LdcfFL3573sUvRwISTS4M-dQiHh62AKxQYA7AcpE-g",
    "expire_date": "2024-02-09T16:08:43.962Z"
  }
},
{
  "model": "sessions.session",
  "pk": "pf00kbnjbyxa42x8tmgaykx6lt0z6tmn",
  "fields": {
    "session_data": ".eJyrVkpOLCpRsqpWMgURhaWJeSWZJZVKVoY6SsWZValKVkrFGfkFesFAtp5ffl6qko5SQVFmMkjCxFjPyFCpVkfJBKvWYiWraCVzpViEBktLPQOIhnhDS1Q9xnDrzJUwNNTWAgC5-TGX:1rPk1E:dlXoBSbmndrwNCLBAQw_rOFaG1Z9HQz7-ew6ystEAEk",
    "expire_date": "2024-01-30T14:02:20.314Z"
  }
},
{
  "model": "sessions.session",
  "pk": "pgsx862g50rjujrdg3wng4u8o82121kj",
  "fields": {
    "session_data": ".eJyrVkpOLCpRsqpWMgERhaWJeSWZJZVKVsY6SgVFmcmpSlZKlpZ6BoZKOkrFmVWpxUpW0dVKeYm5IAm__LxUoDgeTbWxEG1AXRDVsbU6SmaoNhkQY7KRAcJoQyM9A0ug0UCjjDEcTdgoQ4RJpqZ6pmaYjtRBoWJra2sBRldalA:1rPr1C:SIqNh92dPQ6gvyIysxbprxZJyU880baKO2RieFWb9HU",
    "expire_date": "2024-01-30T21:30:46.629Z"
  }
},
{
  "model": "sessions.session",
  "pk": "pnl1e9ybu95pothcawztq7irteyo9pge",
  "fields": {
    "session_data": ".eJxVi0sKgzAURfeScZF8jCbOKnQdcvN8wdA2gsaRuPcqdOL0fHZBWIro9uMhBmxlGraVlyGNohOtuLEAenO-BIjmLZfqcpxLIpQ05-r1Rfo8T9b_y9s-YZ3OV3uOI6KS2kTtDVnFRpGlEDysC8qxHKX0jpTTEQ6yho1GNwZ1A1atOH7iADrl:1rwijd:f770_gBE8DLhAvjlVqhR7rGGEGCQfATbiiCQSaTrS0g",
    "expire_date": "2024-04-30T13:20:29.562Z"
  }
},
{
  "model": "sessions.session",
  "pk": "pntf3cf7yp5h0zbpthm02ubwd8vv177p",
  "fields": {
    "session_data": ".eJyVjksOgzAMRO8yaysiBtOS20TAIgtQC-miRbl7a4lf1BWbkfUsv_GC1k8RbkGpMYdPP-tw0wgdnG0Iox96uB8jPF9-jCG-4ZjwmEKrCxEjNVL6IwTJrHcjm5d59yo9m-3hqUrDNjOvhFCr6Tgq6MrzpwrLpmiyio2kL0geUO8:1rQ9Hz:BT0djNGq-tmoYJeLFtrMI8LqFbAsXP_NqBumioQHXXY",
    "expire_date": "2024-01-31T17:01:19.653Z"
  }
},
{
  "model": "sessions.session",
  "pk": "q97evxhr05meswj8grb6fhl5pokz2zll",
  "fields": {
    "session_data": "eyJjYXJ0Ijp7fX0:1sBkA3:Nqm54HT__sqoky6PSwcahoqdn3dS8Zap5d-LeArRnmI",
    "expire_date": "2024-06-10T23:53:51.321Z"
  }
},
{
  "model": "sessions.session",
  "pk": "qc46rtk31wuigukaqws8glrjj40aq2ur",
  "fields": {
    "session_data": ".eJxljcsOgjAQRf9l1oQwtOW108TvIMO0DY0ICmWhhH-XGhaim7s498zcBZhGD9UCKsRjpt47_4QKI5jcy0yBFiGchirdKVQbi472fXQcCiniFGFdf0kEfvDU1f9eTbNv63kyYx1GPq-_WEN8NX0oiHmYex-HzmzLTN4NfXy5ketOGzvv5uG8pakNcyyyJCuMQsnW5piYTDVScIa2UKVNZC6N0g1a0ii0tqYsSlHmQqLF1CYNrG-giF1Y:1rZdmP:rBRC-xkKQoXXdbNhmZ9CeShmnljtCWB1ewSbMeFSlns",
    "expire_date": "2024-02-26T21:23:57.293Z"
  }
},
{
  "model": "sessions.session",
  "pk": "qju8j406qxseqf1tx2t57bdrtw4ch64q",
  "fields": {
    "session_data": "eyJjYXJ0Ijp7fX0:1sBu9G:KNnSG7yq2bwALdxmdKCXZFJExgczoYzL9fV0a_Q1xw8",
    "expire_date": "2024-06-11T10:33:42.667Z"
  }
},
{
  "model": "sessions.session",
  "pk": "ri3s1ezgewqdxmey2jyh5mpjhu8njt7m",
  "fields": {
    "session_data": ".eJyrVkpOLCpRsqpWMgYRhaWJeSWZJZVKVoY6SsWZVanFIFFzEJGZAhS0hIgqWQHFdFBVFxRlJoMkTE31TM2UamvRRXSUSvJLEnPi0dXVAgAujSbr:1rTQrN:YZVqDm5TbIk_48I2OByMW-6JcJw6Tb9ahW3jmmpnFYQ",
    "expire_date": "2024-02-09T18:23:25.209Z"
  }
},
{
  "model": "sessions.session",
  "pk": "rpzxhv1hvv974uhgcvx68ti4adn08di2",
  "fields": {
    "session_data": "eyJjYXJ0Ijp7fX0:1sBp3w:wQP-IumldcFWD-vKOW6PdsmkxYLqSAOsIKng8eNCpPo",
    "expire_date": "2024-06-11T05:07:52.989Z"
  }
},
{
  "model": "sessions.session",
  "pk": "rtn8s0vdf7kqd5t333q88j53uu1e6mgo",
  "fields": {
    "session_data": ".eJxljc0OgjAQhN9lz4R0bfkpN018DrJs29CooFAOanh322hM0Mscvm8m8wSmKUDzhCrFbaEh-HCHBjOY_cPOX-VNhPpNoYks27avk-ckcJcLDev6SzIIY6Bz-99raQl9u8x2atMJ1LBhHfHJDkkQ87gMIU_Oxmem4MchP17In_eRHT7NzbynuY9bxbIUZW0LVOxchcKWRackl-jqQjuhKmUL06Ejg9IYZ3Wtpa6kQoc7JzpYX6wMXWU:1rmCRq:v2OPM7vLvvx36X_oBfNqswVwAcep0niTmHFTYWtNw2w",
    "expire_date": "2024-04-01T12:50:38.461Z"
  }
},
{
  "model": "sessions.session",
  "pk": "rvgj5uy0igu41bd0fb90z5icfy3p825m",
  "fields": {
    "session_data": ".eJx9z7sOgzAMheF3ObMVJQGXJm8TUYYMRVzSoUV5d2qp3ITo4uF3lE-eUIchwU9gGf0rtCmmN7wmjPHTjFLvMuID3hpCG54N_LfR7rUldEOsZVEWyhrkfCqE4pqoFK-IXhGpe8ZsnzIrvh2YXyGUf5gFMW5DrgjnlD5espQ8AxpiWaQ:1rQ8pN:b_eRKDIKGHrCqoVKCBi5lhJGtgXAXvgT72nj1-xmHUc",
    "expire_date": "2024-01-31T16:31:45.067Z"
  }
},
{
  "model": "sessions.session",
  "pk": "rwyg2sv9mghb5kqx0jus38s7z44ja2gc",
  "fields": {
    "session_data": ".eJyrVkpOLCpRsqpWMgERhaWJeSWZJZVKVgY6SsWZVanFSlbR1UqZKUpWRoY6SnmJualKVkoWSjpIKk11lAqKMpNBEpaWegaGSrWxGCI6SmaEjDdCGK9nimKBoQHCPEMjPQNLFBugIrW1AA7KOzU:1rQ7w4:J3IB6xRX9AuY1Sb-f23KYPum9LVoNATcXQ2oainm8i8",
    "expire_date": "2024-01-31T15:34:36.174Z"
  }
},
{
  "model": "sessions.session",
  "pk": "s3n7194ery9czw43jirh6lv8w6quq3cc",
  "fields": {
    "session_data": ".eJyrVkpOLCpRsqpWMgMRhaWJeSWZJZVKVgY6SsWZVanFIFELPVMQlZmiZGVkpKOUl5ibqmQFFtVB0mGoo1RQlJkMkjI00jOwVKrVUTKH6TO0hOszJ6CrFos5pngcB3eaIcJpuKwwMdYzMgQZSLKXoDprMUVqAZwzW1E:1rQ8dk:GLU7BXy44E0ndb5dPCuIHyujF91GTMhsA0XPaZtb2Ak",
    "expire_date": "2024-01-31T16:19:44.036Z"
  }
},
{
  "model": "sessions.session",
  "pk": "snnzp5qyr07mzz0coo6xplwhg064k85p",
  "fields": {
    "session_data": ".eJyrVkpOLCpRsqpWMgYRhaWJeSWZJZVKVsY6SsWZVanFIFFzEJGZomRlaAkRVbICiukgqTbSUSooykwGSZia6pmaKdXWYorUAgAfTSBn:1rQJ3U:LnwlvmCveojYv_20bb4GYnV40jwImdodJbWSFIpDmis",
    "expire_date": "2024-02-01T03:27:00.120Z"
  }
},
{
  "model": "sessions.session",
  "pk": "spq1litmp7o5mb0rbiw13eq2vyn1x153",
  "fields": {
    "session_data": ".eJyrVkpOLCpRsqpWMgURhaWJeSWZJZVKVoY6SsWZVanFQNFaHaWCoszkVCUrJRNjPSNDJR2lkvySxJx4mKiBElCJCTH6LS31DDD1Q0SByoyJMcPUVM_UDJsbamsBuJM_VQ:1rTNpM:B9nyA3xp54YLPWM7_A7S2EILq5ch8V-RIXgi7zbF0kk",
    "expire_date": "2024-02-09T15:09:08.817Z"
  }
},
{
  "model": "sessions.session",
  "pk": "ss8gaeaw6urrjqmwgefsj3jd9kayp9c7",
  "fields": {
    "session_data": ".eJyNz8sKwyAQBdB_uWsRH1GjP1NCmoVQ-kjsog3592pL0wqGuJnFZc4Md0bfjQFuRpPG7d6dgw8POEkw-ecwxXQhuI6-H-BgLWUcBOESutPhmzLEFZV7XvSNpGLDyxqvFFW67HWN54IyW_Zm06Ol73L-CCfEJ48qpSQX-Zt09E-yVZoK2a6O_z7uqN2iUlNh4t7yAjd4k_k:1rRdi1:LQdvo7F-3ASbNCGlDeVYcP5Xrr1JmbGiSrYug_wW-E0",
    "expire_date": "2024-02-04T19:42:21.002Z"
  }
},
{
  "model": "sessions.session",
  "pk": "t3t25ykba4phu5lgr0oc5n29y5qugyme",
  "fields": {
    "session_data": ".eJyrVkpOLCpRsqpWMgYRhaWJeSWZJZVKVsY6SsWZVanFIFFzEJGZomRlaKmjlJeYm6pkBRTTQVJtqKNUUJSZDJIwNdUzNVOq1VEy1zOF6TMyQOgDihLSaYGk0wiu04KgzlpMkVoAYXA_MA:1rQ9kF:LjeZHdZmAjBAjUXM0QZOe8HL9PMWeXUsCu4QaYvBI_M",
    "expire_date": "2024-01-31T17:30:31.086Z"
  }
},
{
  "model": "sessions.session",
  "pk": "tly793auxppljj5nscs82rrz6olm1tzl",
  "fields": {
    "session_data": ".eJytkEsOgyAQQO8yazIRGBS4TGNsFyRNP0oXrfHuOjEq0C67YfGYl8cwQtf2EfwImo_nq73FEN_gjYAhfC4D04aPcAYv3UrBL0wk0yTg0YeOL4xBU8MkwKLZPKV2j2lqyh9mk5jVUSxM_WVOJREQ77G9njZKREiWEybfVifb2r0tj1dnZXV0SKOSWXklZdnWSIrD9Kdvdg6rPLySMqxdjRUtg9MMgdKMWQ:1rQWRz:PPEHXjbhNVubsVB6o2cPzgC900RM3o3fSUARv33DkeY",
    "expire_date": "2024-02-01T17:45:11.127Z"
  }
},
{
  "model": "sessions.session",
  "pk": "tsuvnb8pm935pmxjffwcfi0gcvmimt3r",
  "fields": {
    "session_data": ".eJyrVkpOLCpRsqpWMgERhaWJeSWZJZVKVoY6SsWZVanFIFFzEJGZAhS0hIgqWQHFdFBVFxRlJoMkLC31DAyVamvRRXSUSvJLEnPi0dTpKBlTyWJTUz1TMxSLISLoFsPU1QIA0dtJ5A:1rQZnT:aYDVwEtcmFr58dae1uvTDRwqQbENW6z9ztWWu8lkiAQ",
    "expire_date": "2024-02-01T21:19:35.552Z"
  }
},
{
  "model": "sessions.session",
  "pk": "tt9lfbr9sj1u2bn1nkh3r5hhyyltc9sa",
  "fields": {
    "session_data": ".eJyrVkpOLCpRsqpWMgYRhaWJeSWZJZVKVoY6SsWZVanFIFFzEJGZAhS0hIgqWQHFdFBVFxRlJoMkTE31TM2UamvRRXSUSvJLEnPi0dXVAgAujSbr:1rTV54:NSsOn08Z8mp5GYfM9n17nUwDq602zQTcSojfX2kOzEg",
    "expire_date": "2024-02-09T22:53:50.574Z"
  }
},
{
  "model": "sessions.session",
  "pk": "ttphztn9ki47dn3u8mvcgbl6m91a0ddc",
  "fields": {
    "session_data": "eyJjYXJ0Ijp7fX0:1rQ6uq:hWeoxZLcQfb3PTSaZUlKxABBKl2Of_9pwBPEKh-ovVo",
    "expire_date": "2024-01-31T14:29:16.118Z"
  }
},
{
  "model": "sessions.session",
  "pk": "u4919alqxl3b0b156nfkf6vmiygweore",
  "fields": {
    "session_data": "eyJjYXJ0Ijp7fX0:1sBmFy:vP_C9ciu2eErI-L9Qql3DUbzWFECyoZPiMYPxphSqIA",
    "expire_date": "2024-06-11T02:08:06.604Z"
  }
},
{
  "model": "sessions.session",
  "pk": "uzrbjqqpqpw86wnfb60254xncae9cdow",
  "fields": {
    "session_data": ".eJxljcFugzAQRP9lzwiBTWzMrZX6HWiyXoTVFBIwhyTi32MrvdBe5vDmjeZJjCVS96Qmx23DFEO8U1cXtIaHrJnaHMEn6N6UusSKo31dAufCubKqad__koLiHHHp_3s9tjj22ypLn0_I0YGdwd8y5QLM8zbFMneSnhkxzFP59YNw-Ujs89c8zEesY9oOlqtWDeqkBb424m07eM0wRitjlDobe7JetTUEYirtAAvt2YvGwA1ofwHT6V6D:1rblt6:MSjV8SO51zAdk-rLk0o0qKH9uJYe59FEQ8Oz8WNDdjI",
    "expire_date": "2024-03-03T18:27:40.043Z"
  }
},
{
  "model": "sessions.session",
  "pk": "vnh2cax409znm3m8331lvo1m9ta4j24t",
  "fields": {
    "session_data": "eyJjYXJ0Ijp7fX0:1rUAx8:IdGN7GhSgwo4uQrXq4zDjJ0uPFhuKBEFRyuMH6nNIgM",
    "expire_date": "2024-02-11T19:36:26.149Z"
  }
},
{
  "model": "sessions.session",
  "pk": "vnlkt9icsg6i2amjb38q2bdnsgo08j8h",
  "fields": {
    "session_data": "eyJjYXJ0Ijp7fX0:1sBn22:cF1ArdEJawqL4Z3jzKBuKcNKMwZeL7CwI2ZYSqYf4WM",
    "expire_date": "2024-06-11T02:57:46.268Z"
  }
},
{
  "model": "sessions.session",
  "pk": "vvm4lc3oibq0yruzjaeknhzl3xlqbyk7",
  "fields": {
    "session_data": ".eJx1jzsKgDAQBe_y6iDGD5pcRkK0CIjxsxYqubtGUTFg84rZgWE3aDUS5IbMzzCrjgwtkJxhMmszeVr4MfUBxUUhD8a-dj8a7Q9CRDGHcyFhIEuqrQKPIf8Pl3c44U-4_AtnaZR8wxcJw6-n7dzbrjo_czv3nk5b:1riaey:-okGWdkVOjQO5Zb287Uz6MKwfJVayBk4d2yk44ANLjw",
    "expire_date": "2024-03-22T13:53:16.267Z"
  }
},
{
  "model": "sessions.session",
  "pk": "wbecmyg54e1o9w160i3mr9ukko1g2zt1",
  "fields": {
    "session_data": ".eJyrVkpOLCpRsqpWMgYRhaWJeSWZJZVKVqY6SsWZVanFIFFzEJGZomRlaAkRVbICiukgqTbRUSooykwGSZia6pmaKdXqKFnomcL0GRnB9YFEkXUaYtFpjqTTAGEjQZ216CI6SiX5JYk58TBRY2NjPWOQwloAi4FGNw:1rQY40:kXPxKVzRsuAO8_szGzN_QyMRHI6icXbsZEznM2ZbbJ0",
    "expire_date": "2024-02-01T19:28:32.995Z"
  }
},
{
  "model": "sessions.session",
  "pk": "wgisfponwal3sc0b82uye8qzffpil9g7",
  "fields": {
    "session_data": "eyJjYXJ0Ijp7IjMiOnsicXVhbnRpdHkiOjAsInNpemVzIjpbXSwicHJpY2UiOiI1NS41NiJ9fX0:1rQ6oX:eGjyVIIK4_qqU1HYoOHuD0Oh7a7vEdop2md2L-D6poY",
    "expire_date": "2024-01-31T14:22:45.724Z"
  }
},
{
  "model": "sessions.session",
  "pk": "wwgdxoyasxayomep7rq8hulukp803raa",
  "fields": {
    "session_data": "eyJjYXJ0Ijp7fX0:1sBkaA:f1gni6YA4z45UbQArBz7AA13W_mRnuG_PH49uftVi8g",
    "expire_date": "2024-06-11T00:20:50.134Z"
  }
},
{
  "model": "sessions.session",
  "pk": "wxubf7uip4589b8u6ps2pkpodf7wkxgb",
  "fields": {
    "session_data": ".eJyrVkpOLCpRsqpWMgERhaWJeSWZJZVKVoY6SsWZVanFSlbR1Up5ibmpSlZKfvl5qUo6qIoKijKTQXKWlnoGhkq1sbU6SsaoJlmSaJKpqZ6pGcQkU6wmAQ2CGYCbikUYaGKsZwR0mo6SGYYXYUoMjfQMLJVqa2sBAT1SpA:1rPuU1:eCuz7L8yNTLssp3J30wxHtswLBxKTHVWBypLWOjNjRg",
    "expire_date": "2024-01-31T01:12:45.843Z"
  }
},
{
  "model": "sessions.session",
  "pk": "wzebw2638prrvq9q6v2r3kjrisqsbto2",
  "fields": {
    "session_data": ".eJyrVkpOLCpRsqpWMgMRhaWJeSWZJZVKVsYGOkrFmVWpxSBhcxCRmaJkZWgJEVWyAorpICk3MtFRKijKTAbJGBrpGVgq1daii-goleSXJObEw0SNLA30DM2ACmsBk3IncA:1rQVqL:Q7031P7-BsxEOgxFXaliev67HiFOvc_fXmbGhotxBvA",
    "expire_date": "2024-02-01T17:06:17.106Z"
  }
},
{
  "model": "sessions.session",
  "pk": "x0tptex3c306upg3eg4iez1996zieyb6",
  "fields": {
    "session_data": "eyJjYXJ0Ijp7fX0:1rU8IL:XUT84-o7lVo9pytbpEa4ONgGqzr_WxQLeNPN-6vnzi8",
    "expire_date": "2024-02-11T16:46:09.565Z"
  }
},
{
  "model": "sessions.session",
  "pk": "x3g6lsqh4aecbhx7bazsnxp8ppy7hott",
  "fields": {
    "session_data": ".eJyNj8tuhDAMRf_FaxTFeTAJu1bqdyBjEhF1Ci2ERTvi3xuqqRCjLrrx4vgeX_kGTHOG5gZmHx8rjTnlT2iwgiV9haXQrYL3OXGABrwXEqGCPGW6tr9UQolc_uOjEtL_7duzrw8f3D5SD426Xy2OK1eOtDoqjBYKYdseyWOpq4VRP7mW1jy06xLmdi8pn5xYR_waxn1BzNM6ZrHvQmlmymkaxcsbpetTYc_35EkfaBmKq3yIPUWUSkflNVsMGtly13myrkMXZC-ld4xORXIkDdmoVa3J1BTwAts3gfOEsA:1roTzr:MIqGMS0ZXsCXmF4M94YKsccKfARQ9y1DAHL7VCIucok",
    "expire_date": "2024-04-07T19:59:11.783Z"
  }
},
{
  "model": "sessions.session",
  "pk": "xfcg0aeiogkmszo7yfuyt3yjbv75u3uy",
  "fields": {
    "session_data": "eyJjYXJ0Ijp7fX0:1sBy5M:8RYNwhigh7E7yq7arJ89HlF-_GdZ1TBeQYlfsdHteb0",
    "expire_date": "2024-06-11T14:45:56.617Z"
  }
},
{
  "model": "sessions.session",
  "pk": "xuklgjyokppk8buxllb2ut6ut3db6v5f",
  "fields": {
    "session_data": ".eJyrVkpOLCpRsqpWMgYRhaWJeSWZJZVKVoY6SsWZVanFIFFzEJGZAhS0hIgqWQHFdFBVFxRlJoMkTE31TM2UamvRRXSUSvJLEnPi0dXVAgAujSbr:1rQZT3:Ia_aENOEmg1g3dCjIvC6esjqkct5of-ZzoS3J4OYs7Y",
    "expire_date": "2024-02-01T20:58:29.074Z"
  }
},
{
  "model": "sessions.session",
  "pk": "xzk4gyair1f173jbf47f8i47n4in3ek1",
  "fields": {
    "session_data": ".eJyrVkpOLCpRsqpWMjQAkYWliXklmSWVSlaGOkrFmVWpxSBRcz2wZGYKUNgSIq5kBRbVQdVRUJSZDJYy0TMyV6qtRRfRUSrJL0nMiUdXVwsAwh4n0g:1sBlnq:WzY9cfrRJffNomsjVyJarB1iHpzuv0f60_S_VjTZ9LM",
    "expire_date": "2024-06-11T01:39:02.705Z"
  }
},
{
  "model": "sessions.session",
  "pk": "y05p4weimc41gudbhaumdanngfe9p7cj",
  "fields": {
    "session_data": "eyJvcmRlcl9pZCI6MTQ3LCJjYXJ0Ijp7fSwic3RyaXBlX3BheW1lbnRfaW50ZW50IjpudWxsfQ:1sBllU:WlpPSCvIfmZVO_69TUydgkHg4yBbj77hnSa43tmhVlU",
    "expire_date": "2024-06-11T01:36:36.889Z"
  }
},
{
  "model": "sessions.session",
  "pk": "y2c4209qlssqxalcyhis6pqzsc774pp4",
  "fields": {
    "session_data": ".eJxVjDEOgzAQBP_iOrJsY198lOl5AzrO50ASgYShQvw9IFEk7c7sbKqldenbtcjcDknVyqrb79YRv2U8QXrR-Jw0T-MyD50-FX3RopspyedxuX-Bnkp_vDMH9FEo2mRCdJEAOuPZWgPAghXevTOmCoyUwYWcXQSM6FkqzALmiDLNi6q3ff8C-Xs6Sw:1rU9p1:_OGVFKAHi_AZafso7vNiT92aKaQrw3DfzVmJLZtNSfg",
    "expire_date": "2024-02-11T18:23:59.080Z"
  }
},
{
  "model": "sessions.session",
  "pk": "ylg5g8884jhwcas6csizfw9xfzmdoomo",
  "fields": {
    "session_data": ".eJxljstugzAQRf9l1sjyY8DAMvt-Axr8CE4inNpm0Ub8e-OKDe1mRjrn3tG8ICbr0hQsjELyBgylAuMLhKrzc6O1hPL1lg3k8O1ypT3jddWOPDiMv7Q5N54pmKpQMaVg3_-SBkos9Jj-5ybayjJt-XgNBJzYTObu1irsjdZrZCauJYWZ1Qg7bGYf0brH5cieDiyUl3db2kF7P8uO0Hndkkcuhla3nrsO0SA6QUr3PfKut7PjRgsjbYdCDqQdtrD_AA8CYvA:1sA96e:-L8Fehy3MXBPrLCIT860D8v9QWCgaFeLmprCR_s5TZ0",
    "expire_date": "2024-06-06T14:07:44.911Z"
  }
},
{
  "model": "sessions.session",
  "pk": "zcilyjbzqlhce83yn0pjp5m75stlybr7",
  "fields": {
    "session_data": "eyJjYXJ0Ijp7fX0:1sBzX0:hAwOs7rymCGVjusRPx0o0C6bgr20EMQx2hawNrU0-44",
    "expire_date": "2024-06-11T16:18:34.601Z"
  }
},
{
  "model": "sessions.session",
  "pk": "zfybz7if704umxcbqr8ojehugmf3zl8y",
  "fields": {
    "session_data": "eyJjYXJ0Ijp7fX0:1rU94j:sZ2QNLnJj78MYamqSfU1pxvJBuPZDFlpQTW1OGEy2zk",
    "expire_date": "2024-02-11T17:36:09.346Z"
  }
},
{
  "model": "sessions.session",
  "pk": "zg9ah1j1vp3kcepiz1qovb0p3jm6lo0n",
  "fields": {
    "session_data": ".eJyrVkpOLCpRsqpWMjQAkYWliXklmSWVSlaGOkrFmVWpxSBRcz2wZGYKUNgSIq5kBRbVQdVRUJSZDJYy0TMyV6qtRRfRUSrJL0nMiUdXVwsAwh4n0g:1s9rJk:xoQdyrz7w7ImjRGXfbnghV2u6ZP-gm4ok5mNNTuEOEk",
    "expire_date": "2024-06-05T19:08:04.790Z"
  }
},
{
  "model": "sessions.session",
  "pk": "zjvmzdmp0mj9w89w9d12hygrkbfxg0oj",
  "fields": {
    "session_data": ".eJyNyzsKgDAQhOG7TB2WbDRCchkJYhEQn2uhkrurhZUKaab4me9AE2aBP1DdM62hlygbPCsscW-XqyaFcY5NCw82pB0UZJDQ1U_VuC5ljneONH97m-PLgsyPL3K8tWSrl2dmYoOU0gl5M1L9:1rTTzK:k3VLQh0tfNcqmOwYRjx9TbyGjO1on_NKWYIio0kVpTk",
    "expire_date": "2024-02-09T21:43:50.720Z"
  }
},
{
  "model": "sessions.session",
  "pk": "zmw4a2lz888ngagk9e608wk9arave57r",
  "fields": {
    "session_data": ".eJyrVkpOLCpRsqpWMgYRhaWJeSWZJZVKVsY6SsWZVanFIFFzEJGZomRlaKmjlJeYm6pkBRTTQVVdUJSZDJIwNdUzNVOqrcUQ0VEyjjfHagk5xtfWAgBfzjch:1rQ9Zo:Y0uwXqxxHM8cn3oKTd0XhcHvsiebEhhTKBVyL0gw0pc",
    "expire_date": "2024-01-31T17:19:44.954Z"
  }
},
{
  "model": "sessions.session",
  "pk": "zpn0g811yonvvgiebp3513htoccbevfz",
  "fields": {
    "session_data": ".eJxlizsKgDAQBe_y6kX8EIN7mxAttlA0xkJD7q5biAGbKea9SfAuRHBCp9gOt0SJJ7gj7HJNu1qrkBHcDITFzRP4cVS8W8IaxOtgTGV6ZIKtzNu19dc9tiybX5n_Jt_9Zy-9:1rQBtK:kGSVO1qcxZ9MKRZUBT9K3AKqOIKGBn-bnbdhsVoLw6w",
    "expire_date": "2024-01-31T19:48:02.096Z"
  }
},
{
  "model": "easy_thumbnails.source",
  "pk": 1,
  "fields": {
    "storage_hash": "0d677af76ca5bf5575d614e04932c3a4",
    "name": "products/Space walkers/_6e3884fd-b930-45dc-82c1-6433856652eb_aa2DRy2.jfif",
    "modified": "2024-01-26T16:42:21.254Z"
  }
},
{
  "model": "easy_thumbnails.source",
  "pk": 2,
  "fields": {
    "storage_hash": "0d677af76ca5bf5575d614e04932c3a4",
    "name": "products/blue runners/_9f1e1776-d7fe-4c09-b74f-b83fc2dd9df0.jfif",
    "modified": "2024-01-13T18:34:40.522Z"
  }
},
{
  "model": "easy_thumbnails.source",
  "pk": 3,
  "fields": {
    "storage_hash": "0d677af76ca5bf5575d614e04932c3a4",
    "name": "products/Cosmic runners/_d1bdbc1e-e3df-4494-ad2d-c2977d12c47a.jfif",
    "modified": "2024-01-13T19:21:14.433Z"
  }
},
{
  "model": "easy_thumbnails.source",
  "pk": 4,
  "fields": {
    "storage_hash": "0d677af76ca5bf5575d614e04932c3a4",
    "name": "products/Space walkers/_68f6506d-1b13-4e32-b006-44044d1e736e_VQxAj1M.jfif",
    "modified": "2024-01-13T19:26:15.831Z"
  }
},
{
  "model": "easy_thumbnails.source",
  "pk": 5,
  "fields": {
    "storage_hash": "0d677af76ca5bf5575d614e04932c3a4",
    "name": "products/owl/_f3c6214c-a8f5-49df-964c-269b48152701.jfif",
    "modified": "2024-01-15T16:08:34.385Z"
  }
},
{
  "model": "easy_thumbnails.source",
  "pk": 6,
  "fields": {
    "storage_hash": "0d677af76ca5bf5575d614e04932c3a4",
    "name": "products/owl/_7a8b335e-e8d2-4b05-87a5-f201f57d9773.jfif",
    "modified": "2024-01-15T16:08:34.654Z"
  }
},
{
  "model": "easy_thumbnails.source",
  "pk": 7,
  "fields": {
    "storage_hash": "0d677af76ca5bf5575d614e04932c3a4",
    "name": "products/walky ducky/owl-sitting-inside-log-house-fireplace_wQfP6Rbm_upscaled.jpg",
    "modified": "2024-01-20T14:46:45.451Z"
  }
},
{
  "model": "easy_thumbnails.source",
  "pk": 8,
  "fields": {
    "storage_hash": "0d677af76ca5bf5575d614e04932c3a4",
    "name": "products/walky ducky/_1cd8d5b0-62f0-4ecd-91a0-5c239c90d12b.jfif",
    "modified": "2024-01-20T14:46:45.685Z"
  }
},
{
  "model": "easy_thumbnails.source",
  "pk": 9,
  "fields": {
    "storage_hash": "0d677af76ca5bf5575d614e04932c3a4",
    "name": "products/Cosmic runners/_690ca166-c91f-461c-8238-189d8c1913b2.jfif",
    "modified": "2024-01-26T16:42:21.129Z"
  }
},
{
  "model": "easy_thumbnails.source",
  "pk": 10,
  "fields": {
    "storage_hash": "0d677af76ca5bf5575d614e04932c3a4",
    "name": "products/Sniks/303828_NVPR_D.jpg",
    "modified": "2024-05-16T16:34:12.775Z"
  }
},
{
  "model": "easy_thumbnails.source",
  "pk": 11,
  "fields": {
    "storage_hash": "0d677af76ca5bf5575d614e04932c3a4",
    "name": "products/Sniks/303828_NVPR.jpg",
    "modified": "2024-05-16T16:34:12.891Z"
  }
},
{
  "model": "easy_thumbnails.source",
  "pk": 12,
  "fields": {
    "storage_hash": "0d677af76ca5bf5575d614e04932c3a4",
    "name": "products/Sniks/303828_NVPR_E.jpg",
    "modified": "2024-05-16T16:34:13.008Z"
  }
},
{
  "model": "easy_thumbnails.source",
  "pk": 13,
  "fields": {
    "storage_hash": "0d677af76ca5bf5575d614e04932c3a4",
    "name": "products/VolocityPro/_df686373-ad5e-4378-9186-10272ba5d307.jfif",
    "modified": "2024-05-21T17:21:56.581Z"
  }
},
{
  "model": "easy_thumbnails.source",
  "pk": 14,
  "fields": {
    "storage_hash": "0d677af76ca5bf5575d614e04932c3a4",
    "name": "products/VolocityPro/_2227d744-0d5d-462b-9347-08790a17c8dd.jfif",
    "modified": "2024-05-21T17:21:56.715Z"
  }
},
{
  "model": "easy_thumbnails.source",
  "pk": 15,
  "fields": {
    "storage_hash": "0d677af76ca5bf5575d614e04932c3a4",
    "name": "products/VolocityPro/_3ccb3aab-bed3-406a-a14c-34681769406e.jfif",
    "modified": "2024-05-21T17:21:56.828Z"
  }
},
{
  "model": "easy_thumbnails.source",
  "pk": 16,
  "fields": {
    "storage_hash": "0d677af76ca5bf5575d614e04932c3a4",
    "name": "products/Heeled Booties/s-l1600.jpg",
    "modified": "2024-05-16T17:19:39.852Z"
  }
},
{
  "model": "easy_thumbnails.source",
  "pk": 17,
  "fields": {
    "storage_hash": "0d677af76ca5bf5575d614e04932c3a4",
    "name": "products/Heeled Booties/s-l960.webp",
    "modified": "2024-05-16T17:19:39.991Z"
  }
},
{
  "model": "easy_thumbnails.source",
  "pk": 18,
  "fields": {
    "storage_hash": "0d677af76ca5bf5575d614e04932c3a4",
    "name": "products/Heeled Booties/s-l960_1.jpg",
    "modified": "2024-05-16T17:19:40.096Z"
  }
},
{
  "model": "easy_thumbnails.source",
  "pk": 19,
  "fields": {
    "storage_hash": "0d677af76ca5bf5575d614e04932c3a4",
    "name": "products/CloudWalk/114814_WHT_E.jpg",
    "modified": "2024-05-16T17:35:19.238Z"
  }
},
{
  "model": "easy_thumbnails.source",
  "pk": 20,
  "fields": {
    "storage_hash": "0d677af76ca5bf5575d614e04932c3a4",
    "name": "products/CloudWalk/114814_WHT_D.jpg",
    "modified": "2024-05-16T17:35:19.397Z"
  }
},
{
  "model": "easy_thumbnails.source",
  "pk": 21,
  "fields": {
    "storage_hash": "0d677af76ca5bf5575d614e04932c3a4",
    "name": "products/CloudWalk/114814_WHT.jpg",
    "modified": "2024-05-16T17:35:19.533Z"
  }
},
{
  "model": "easy_thumbnails.source",
  "pk": 22,
  "fields": {
    "storage_hash": "0d677af76ca5bf5575d614e04932c3a4",
    "name": "products/SnowTrekker/2_2.jpg",
    "modified": "2024-05-16T17:59:37.904Z"
  }
},
{
  "model": "easy_thumbnails.source",
  "pk": 23,
  "fields": {
    "storage_hash": "0d677af76ca5bf5575d614e04932c3a4",
    "name": "products/SnowTrekker/2_1.jpg",
    "modified": "2024-05-16T17:59:38.003Z"
  }
},
{
  "model": "easy_thumbnails.source",
  "pk": 24,
  "fields": {
    "storage_hash": "0d677af76ca5bf5575d614e04932c3a4",
    "name": "products/PuddleMeasurer/51bszTXUyaL._AC_SY695_.jpg",
    "modified": "2024-05-16T19:48:21.506Z"
  }
},
{
  "model": "easy_thumbnails.source",
  "pk": 25,
  "fields": {
    "storage_hash": "0d677af76ca5bf5575d614e04932c3a4",
    "name": "products/PuddleMeasurer/61ez0eMx5kL._AC_SX500_.jpg",
    "modified": "2024-05-16T19:48:21.667Z"
  }
},
{
  "model": "easy_thumbnails.source",
  "pk": 26,
  "fields": {
    "storage_hash": "0d677af76ca5bf5575d614e04932c3a4",
    "name": "products/PuddleMeasurer/61XDFAsLEHL._AC_SY625_.jpg",
    "modified": "2024-05-16T19:48:21.864Z"
  }
},
{
  "model": "easy_thumbnails.source",
  "pk": 27,
  "fields": {
    "storage_hash": "0d677af76ca5bf5575d614e04932c3a4",
    "name": "products/PuddleMeasurer/51Bc8mzpbrL._AC_SY535_.jpg",
    "modified": "2024-05-16T19:55:55.636Z"
  }
},
{
  "model": "easy_thumbnails.source",
  "pk": 28,
  "fields": {
    "storage_hash": "0d677af76ca5bf5575d614e04932c3a4",
    "name": "products/PuddleMeasurer/51HwY1loAZL._AC_SY535_.jpg",
    "modified": "2024-05-16T19:55:55.726Z"
  }
},
{
  "model": "easy_thumbnails.source",
  "pk": 29,
  "fields": {
    "storage_hash": "0d677af76ca5bf5575d614e04932c3a4",
    "name": "products/CityComfort/2_1_ZqqjHAt.jpg",
    "modified": "2024-05-16T20:05:37.498Z"
  }
},
{
  "model": "easy_thumbnails.source",
  "pk": 30,
  "fields": {
    "storage_hash": "0d677af76ca5bf5575d614e04932c3a4",
    "name": "products/CityComfort/2_2.jpg",
    "modified": "2024-05-16T20:05:37.597Z"
  }
},
{
  "model": "easy_thumbnails.source",
  "pk": 31,
  "fields": {
    "storage_hash": "0d677af76ca5bf5575d614e04932c3a4",
    "name": "products/CityComfort/2_2_kl6BUqd.jpg",
    "modified": "2024-05-16T20:06:48.806Z"
  }
},
{
  "model": "easy_thumbnails.source",
  "pk": 32,
  "fields": {
    "storage_hash": "0d677af76ca5bf5575d614e04932c3a4",
    "name": "products/CityComfort/2_2_JaIW91F.jpg",
    "modified": "2024-05-22T18:50:16.142Z"
  }
},
{
  "model": "easy_thumbnails.source",
  "pk": 33,
  "fields": {
    "storage_hash": "0d677af76ca5bf5575d614e04932c3a4",
    "name": "products/CityComfort/2_1_NORVA8L.jpg",
    "modified": "2024-05-22T18:50:16.067Z"
  }
},
{
  "model": "easy_thumbnails.source",
  "pk": 34,
  "fields": {
    "storage_hash": "0d677af76ca5bf5575d614e04932c3a4",
    "name": "products/UrbanRunners/71aw3ZS16pL._AC_SY500_.jpg",
    "modified": "2024-05-16T20:11:43.995Z"
  }
},
{
  "model": "easy_thumbnails.source",
  "pk": 35,
  "fields": {
    "storage_hash": "0d677af76ca5bf5575d614e04932c3a4",
    "name": "products/UrbanRunners/81tsDzIqH8L._AC_SY500_.jpg",
    "modified": "2024-05-16T20:11:44.114Z"
  }
},
{
  "model": "easy_thumbnails.source",
  "pk": 36,
  "fields": {
    "storage_hash": "0d677af76ca5bf5575d614e04932c3a4",
    "name": "products/UrbanRunners/71aw3ZS16pL._AC_SY500__kov5ORZ.jpg",
    "modified": "2024-05-21T17:21:43.509Z"
  }
},
{
  "model": "easy_thumbnails.source",
  "pk": 37,
  "fields": {
    "storage_hash": "0d677af76ca5bf5575d614e04932c3a4",
    "name": "products/UrbanRunners/81tsDzIqH8L._AC_SY500__DGg2J8B.jpg",
    "modified": "2024-05-21T17:21:43.568Z"
  }
},
{
  "model": "easy_thumbnails.source",
  "pk": 38,
  "fields": {
    "storage_hash": "0d677af76ca5bf5575d614e04932c3a4",
    "name": "products/Flex Slips/2_1.jpg",
    "modified": "2024-05-16T20:13:56.298Z"
  }
},
{
  "model": "easy_thumbnails.source",
  "pk": 39,
  "fields": {
    "storage_hash": "0d677af76ca5bf5575d614e04932c3a4",
    "name": "products/Flex Slips/2_2.jpg",
    "modified": "2024-05-16T20:13:56.425Z"
  }
},
{
  "model": "easy_thumbnails.source",
  "pk": 40,
  "fields": {
    "storage_hash": "0d677af76ca5bf5575d614e04932c3a4",
    "name": "products/Flex Slips/2_3.jpg",
    "modified": "2024-05-16T20:13:56.543Z"
  }
},
{
  "model": "easy_thumbnails.source",
  "pk": 41,
  "fields": {
    "storage_hash": "0d677af76ca5bf5575d614e04932c3a4",
    "name": "products/Flex Slips/2_1_hIrzRZk.jpg",
    "modified": "2024-05-16T20:16:53.098Z"
  }
},
{
  "model": "easy_thumbnails.source",
  "pk": 42,
  "fields": {
    "storage_hash": "0d677af76ca5bf5575d614e04932c3a4",
    "name": "products/Flex Slips/2_2_E7jO92k.jpg",
    "modified": "2024-05-16T20:16:53.288Z"
  }
},
{
  "model": "easy_thumbnails.source",
  "pk": 43,
  "fields": {
    "storage_hash": "0d677af76ca5bf5575d614e04932c3a4",
    "name": "products/Flex Slips/2_3_qoO5h4Q.jpg",
    "modified": "2024-05-16T20:16:53.472Z"
  }
},
{
  "model": "easy_thumbnails.source",
  "pk": 44,
  "fields": {
    "storage_hash": "0d677af76ca5bf5575d614e04932c3a4",
    "name": "products/CloudWalk/114814_WHT_E_1df8dLG.jpg",
    "modified": "2024-05-21T20:42:32.844Z"
  }
},
{
  "model": "easy_thumbnails.source",
  "pk": 45,
  "fields": {
    "storage_hash": "0d677af76ca5bf5575d614e04932c3a4",
    "name": "products/CloudWalk/114814_WHT_D_KN3lZ5e.jpg",
    "modified": "2024-05-21T20:42:33.289Z"
  }
},
{
  "model": "easy_thumbnails.source",
  "pk": 46,
  "fields": {
    "storage_hash": "0d677af76ca5bf5575d614e04932c3a4",
    "name": "products/CloudWalk/114814_WHT_uHauDgd.jpg",
    "modified": "2024-05-21T20:42:33.824Z"
  }
},
{
  "model": "easy_thumbnails.source",
  "pk": 47,
  "fields": {
    "storage_hash": "0d677af76ca5bf5575d614e04932c3a4",
    "name": "products/Flex Slips/2_1_UbMUKeZ.jpg",
    "modified": "2024-05-21T17:41:10.109Z"
  }
},
{
  "model": "easy_thumbnails.source",
  "pk": 48,
  "fields": {
    "storage_hash": "0d677af76ca5bf5575d614e04932c3a4",
    "name": "products/Flex Slips/2_2_KVXUYIg.jpg",
    "modified": "2024-05-21T17:41:10.142Z"
  }
},
{
  "model": "easy_thumbnails.source",
  "pk": 49,
  "fields": {
    "storage_hash": "0d677af76ca5bf5575d614e04932c3a4",
    "name": "products/Flex Slips/2_3_M7WWwV2.jpg",
    "modified": "2024-05-21T17:41:10.173Z"
  }
},
{
  "model": "easy_thumbnails.source",
  "pk": 50,
  "fields": {
    "storage_hash": "0d677af76ca5bf5575d614e04932c3a4",
    "name": "products/Faux leather boots/2_1.jpg",
    "modified": "2024-05-16T20:45:53.339Z"
  }
},
{
  "model": "easy_thumbnails.source",
  "pk": 51,
  "fields": {
    "storage_hash": "0d677af76ca5bf5575d614e04932c3a4",
    "name": "products/Faux leather boots/2_2.webp",
    "modified": "2024-05-16T20:45:53.433Z"
  }
},
{
  "model": "easy_thumbnails.source",
  "pk": 52,
  "fields": {
    "storage_hash": "0d677af76ca5bf5575d614e04932c3a4",
    "name": "products/Faux leather boots/2_3.jpg",
    "modified": "2024-05-16T20:45:53.509Z"
  }
},
{
  "model": "easy_thumbnails.source",
  "pk": 53,
  "fields": {
    "storage_hash": "0d677af76ca5bf5575d614e04932c3a4",
    "name": "products/Faux leather boots/2_1_7g5MIgn.jpg",
    "modified": "2024-05-21T18:25:43.435Z"
  }
},
{
  "model": "easy_thumbnails.source",
  "pk": 54,
  "fields": {
    "storage_hash": "0d677af76ca5bf5575d614e04932c3a4",
    "name": "products/Faux leather boots/2_2.jpg",
    "modified": "2024-05-21T18:25:43.496Z"
  }
},
{
  "model": "easy_thumbnails.source",
  "pk": 55,
  "fields": {
    "storage_hash": "0d677af76ca5bf5575d614e04932c3a4",
    "name": "products/Faux leather boots/2_3_0Hr1pFF.jpg",
    "modified": "2024-05-21T18:25:43.543Z"
  }
},
{
  "model": "easy_thumbnails.source",
  "pk": 56,
  "fields": {
    "storage_hash": "0d677af76ca5bf5575d614e04932c3a4",
    "name": "products/PuddleMeasurer/51HwY1loAZL._AC_SY535__WuXgSA2.jpg",
    "modified": "2024-05-21T18:45:46.901Z"
  }
},
{
  "model": "easy_thumbnails.source",
  "pk": 57,
  "fields": {
    "storage_hash": "0d677af76ca5bf5575d614e04932c3a4",
    "name": "products/PuddleMeasurer/51Bc8mzpbrL._AC_SY535__Z86zZwS.jpg",
    "modified": "2024-05-21T18:45:46.970Z"
  }
},
{
  "model": "easy_thumbnails.source",
  "pk": 58,
  "fields": {
    "storage_hash": "0d677af76ca5bf5575d614e04932c3a4",
    "name": "products/Puddle Jumpers/3_1_PbI7jGi.jpg",
    "modified": "2024-05-21T17:31:52.763Z"
  }
},
{
  "model": "easy_thumbnails.source",
  "pk": 59,
  "fields": {
    "storage_hash": "0d677af76ca5bf5575d614e04932c3a4",
    "name": "products/Puddle Jumpers/3_2_LphNGra.jpg",
    "modified": "2024-05-21T17:31:52.815Z"
  }
},
{
  "model": "easy_thumbnails.source",
  "pk": 60,
  "fields": {
    "storage_hash": "0d677af76ca5bf5575d614e04932c3a4",
    "name": "products/Adventure Seeker/2_1_G44r66J.jpg",
    "modified": "2024-05-21T19:41:35.540Z"
  }
},
{
  "model": "easy_thumbnails.source",
  "pk": 61,
  "fields": {
    "storage_hash": "0d677af76ca5bf5575d614e04932c3a4",
    "name": "products/Adventure Seeker/2_2_EJM260o.jpg",
    "modified": "2024-05-21T19:41:35.687Z"
  }
},
{
  "model": "easy_thumbnails.source",
  "pk": 62,
  "fields": {
    "storage_hash": "0d677af76ca5bf5575d614e04932c3a4",
    "name": "products/Adventure Seeker/2_3_Wva35lM.jpg",
    "modified": "2024-05-21T19:41:35.841Z"
  }
},
{
  "model": "easy_thumbnails.source",
  "pk": 63,
  "fields": {
    "storage_hash": "0d677af76ca5bf5575d614e04932c3a4",
    "name": "products/Heeled Booties/s-l1600_a25fCEM.jpg",
    "modified": "2024-05-21T17:51:44.908Z"
  }
},
{
  "model": "easy_thumbnails.source",
  "pk": 64,
  "fields": {
    "storage_hash": "0d677af76ca5bf5575d614e04932c3a4",
    "name": "products/Heeled Booties/s-l960.jpg",
    "modified": "2024-05-21T17:51:44.972Z"
  }
},
{
  "model": "easy_thumbnails.source",
  "pk": 65,
  "fields": {
    "storage_hash": "0d677af76ca5bf5575d614e04932c3a4",
    "name": "products/Heeled Booties/s-l960_1_VQPGxjl.jpg",
    "modified": "2024-05-21T17:51:45.018Z"
  }
},
{
  "model": "easy_thumbnails.source",
  "pk": 66,
  "fields": {
    "storage_hash": "0d677af76ca5bf5575d614e04932c3a4",
    "name": "products/BreathyEasy/405634_BBK.jpg",
    "modified": "2024-05-21T18:17:28.558Z"
  }
},
{
  "model": "easy_thumbnails.source",
  "pk": 67,
  "fields": {
    "storage_hash": "0d677af76ca5bf5575d614e04932c3a4",
    "name": "products/BreathyEasy/405634_BBK_E.jpg",
    "modified": "2024-05-21T18:17:28.604Z"
  }
},
{
  "model": "easy_thumbnails.source",
  "pk": 68,
  "fields": {
    "storage_hash": "0d677af76ca5bf5575d614e04932c3a4",
    "name": "products/Snow boots/3_3_64oDV7A.jpg",
    "modified": "2024-05-17T22:26:41.043Z"
  }
},
{
  "model": "easy_thumbnails.source",
  "pk": 69,
  "fields": {
    "storage_hash": "0d677af76ca5bf5575d614e04932c3a4",
    "name": "products/Snow boots/3_2_Cy93NZN.jpg",
    "modified": "2024-05-17T22:26:41.087Z"
  }
},
{
  "model": "easy_thumbnails.source",
  "pk": 70,
  "fields": {
    "storage_hash": "0d677af76ca5bf5575d614e04932c3a4",
    "name": "products/Snow boots/3_1_rkYqRFY.jpg",
    "modified": "2024-05-17T22:26:41.118Z"
  }
},
{
  "model": "easy_thumbnails.source",
  "pk": 71,
  "fields": {
    "storage_hash": "0d677af76ca5bf5575d614e04932c3a4",
    "name": "products/Sniks/303828_NVPR_E_tjKh9Hg.jpg",
    "modified": "2024-05-21T17:31:33.366Z"
  }
},
{
  "model": "easy_thumbnails.source",
  "pk": 72,
  "fields": {
    "storage_hash": "0d677af76ca5bf5575d614e04932c3a4",
    "name": "products/Sniks/303828_NVPR_D_MXGLAku.jpg",
    "modified": "2024-05-21T17:31:33.414Z"
  }
},
{
  "model": "easy_thumbnails.source",
  "pk": 73,
  "fields": {
    "storage_hash": "0d677af76ca5bf5575d614e04932c3a4",
    "name": "products/Sniks/303828_NVPR_Tk28iUl.jpg",
    "modified": "2024-05-21T17:31:33.446Z"
  }
},
{
  "model": "easy_thumbnails.source",
  "pk": 74,
  "fields": {
    "storage_hash": "0d677af76ca5bf5575d614e04932c3a4",
    "name": "products/MaxComfort/_4668c9d9-c89a-4980-9068-75576ab42410.jfif",
    "modified": "2024-05-28T01:40:43.591Z"
  }
},
{
  "model": "easy_thumbnails.source",
  "pk": 75,
  "fields": {
    "storage_hash": "0d677af76ca5bf5575d614e04932c3a4",
    "name": "products/MaxComfort/_1c23127d-272e-4efd-82d7-084e55935020.jfif",
    "modified": "2024-05-28T01:40:43.654Z"
  }
},
{
  "model": "easy_thumbnails.source",
  "pk": 76,
  "fields": {
    "storage_hash": "0d677af76ca5bf5575d614e04932c3a4",
    "name": "products/SnowTrekker/2_2_23zR6yG.jpg",
    "modified": "2024-05-23T14:24:02.249Z"
  }
},
{
  "model": "easy_thumbnails.source",
  "pk": 77,
  "fields": {
    "storage_hash": "0d677af76ca5bf5575d614e04932c3a4",
    "name": "products/SnowTrekker/2_1_C2qNVIv.jpg",
    "modified": "2024-05-23T14:24:02.305Z"
  }
},
{
  "model": "easy_thumbnails.source",
  "pk": 78,
  "fields": {
    "storage_hash": "0d677af76ca5bf5575d614e04932c3a4",
    "name": "products/blue runners/_c3b3a246-bb64-4504-9325-b76596d55c62.jfif",
    "modified": "2024-05-21T17:21:46.759Z"
  }
},
{
  "model": "easy_thumbnails.source",
  "pk": 79,
  "fields": {
    "storage_hash": "0d677af76ca5bf5575d614e04932c3a4",
    "name": "products/blue runners/_c0ddaee2-69c5-4db0-9ae8-cd6d5dfe838e.jfif",
    "modified": "2024-05-21T17:21:46.814Z"
  }
},
{
  "model": "easy_thumbnails.source",
  "pk": 80,
  "fields": {
    "storage_hash": "0d677af76ca5bf5575d614e04932c3a4",
    "name": "products/blue runners/_7b78c9bc-1506-4129-9a8e-a914ec801e72.jfif",
    "modified": "2024-05-21T17:21:46.845Z"
  }
},
{
  "model": "easy_thumbnails.source",
  "pk": 81,
  "fields": {
    "storage_hash": "0d677af76ca5bf5575d614e04932c3a4",
    "name": "products/SwiftSprint/_8d04171f-a94b-416e-9218-436f997b1b77.jfif",
    "modified": "2024-05-21T17:39:46.657Z"
  }
},
{
  "model": "easy_thumbnails.source",
  "pk": 82,
  "fields": {
    "storage_hash": "0d677af76ca5bf5575d614e04932c3a4",
    "name": "products/SwiftSprint/_0bd03821-be92-4117-b0b1-34332e278ee7.jfif",
    "modified": "2024-05-21T17:39:46.747Z"
  }
},
{
  "model": "easy_thumbnails.source",
  "pk": 83,
  "fields": {
    "storage_hash": "0d677af76ca5bf5575d614e04932c3a4",
    "name": "products/Monochromatic/403837_BKCC_E_eJfwDnZ.jpg",
    "modified": "2024-05-21T19:55:49.967Z"
  }
},
{
  "model": "easy_thumbnails.source",
  "pk": 84,
  "fields": {
    "storage_hash": "0d677af76ca5bf5575d614e04932c3a4",
    "name": "products/Monochromatic/403837_BKCC_D_ldF09tg.jpg",
    "modified": "2024-05-21T19:55:50.099Z"
  }
},
{
  "model": "easy_thumbnails.source",
  "pk": 85,
  "fields": {
    "storage_hash": "0d677af76ca5bf5575d614e04932c3a4",
    "name": "products/Monochromatic/403837_BKCC_KD2BPz3.jpg",
    "modified": "2024-05-21T19:55:50.213Z"
  }
},
{
  "model": "easy_thumbnails.source",
  "pk": 86,
  "fields": {
    "storage_hash": "0d677af76ca5bf5575d614e04932c3a4",
    "name": "products/Aero/Designer.jpeg",
    "modified": "2024-05-23T15:18:30.556Z"
  }
},
{
  "model": "easy_thumbnails.source",
  "pk": 87,
  "fields": {
    "storage_hash": "0d677af76ca5bf5575d614e04932c3a4",
    "name": "products/Aero/2.jpeg",
    "modified": "2024-05-23T15:18:30.744Z"
  }
},
{
  "model": "easy_thumbnails.source",
  "pk": 88,
  "fields": {
    "storage_hash": "0d677af76ca5bf5575d614e04932c3a4",
    "name": "products/ArcticLander/4442_CDB_E_KEf9P6J.jpg",
    "modified": "2024-05-21T19:43:56.488Z"
  }
},
{
  "model": "easy_thumbnails.source",
  "pk": 89,
  "fields": {
    "storage_hash": "0d677af76ca5bf5575d614e04932c3a4",
    "name": "products/ArcticLander/4442_CDB_nHRfl1F.jpg",
    "modified": "2024-05-21T19:43:57.089Z"
  }
},
{
  "model": "easy_thumbnails.source",
  "pk": 90,
  "fields": {
    "storage_hash": "0d677af76ca5bf5575d614e04932c3a4",
    "name": "products/ArcticLander/4442_CDB_F_7QCjOhA.jpg",
    "modified": "2024-05-21T19:43:57.389Z"
  }
},
{
  "model": "easy_thumbnails.thumbnail",
  "pk": 1,
  "fields": {
    "storage_hash": "d26becbf46ac48eda79c7a39a13a02dd",
    "name": "products/Space walkers\\_6e3884fd-b930-45dc-82c1-6433856652eb_aa2DRy2.jfif.50x50_q85_crop.jpg",
    "modified": "2024-01-13T18:34:28.221Z",
    "source": 1
  }
},
{
  "model": "easy_thumbnails.thumbnail",
  "pk": 2,
  "fields": {
    "storage_hash": "d26becbf46ac48eda79c7a39a13a02dd",
    "name": "products/blue runners\\_9f1e1776-d7fe-4c09-b74f-b83fc2dd9df0.jfif.50x50_q85_crop.jpg",
    "modified": "2024-01-13T18:34:40.544Z",
    "source": 2
  }
},
{
  "model": "easy_thumbnails.thumbnail",
  "pk": 3,
  "fields": {
    "storage_hash": "d26becbf46ac48eda79c7a39a13a02dd",
    "name": "products/Cosmic runners\\_d1bdbc1e-e3df-4494-ad2d-c2977d12c47a.jfif.50x50_q85_crop-smart.jpg",
    "modified": "2024-01-13T19:21:14.487Z",
    "source": 3
  }
},
{
  "model": "easy_thumbnails.thumbnail",
  "pk": 4,
  "fields": {
    "storage_hash": "d26becbf46ac48eda79c7a39a13a02dd",
    "name": "products/Space walkers\\_68f6506d-1b13-4e32-b006-44044d1e736e_VQxAj1M.jfif.100x100_q85_crop.jpg",
    "modified": "2024-01-13T19:26:15.839Z",
    "source": 4
  }
},
{
  "model": "easy_thumbnails.thumbnail",
  "pk": 5,
  "fields": {
    "storage_hash": "d26becbf46ac48eda79c7a39a13a02dd",
    "name": "products/owl\\_f3c6214c-a8f5-49df-964c-269b48152701.jfif.400x400_q85_crop-smart.jpg",
    "modified": "2024-01-15T16:08:34.168Z",
    "source": 5
  }
},
{
  "model": "easy_thumbnails.thumbnail",
  "pk": 6,
  "fields": {
    "storage_hash": "d26becbf46ac48eda79c7a39a13a02dd",
    "name": "products/owl\\_f3c6214c-a8f5-49df-964c-269b48152701.jfif.100x100_q85_crop-smart.jpg",
    "modified": "2024-01-15T16:08:34.410Z",
    "source": 5
  }
},
{
  "model": "easy_thumbnails.thumbnail",
  "pk": 7,
  "fields": {
    "storage_hash": "d26becbf46ac48eda79c7a39a13a02dd",
    "name": "products/owl\\_7a8b335e-e8d2-4b05-87a5-f201f57d9773.jfif.100x100_q85_crop-smart.jpg",
    "modified": "2024-01-15T16:08:34.698Z",
    "source": 6
  }
},
{
  "model": "easy_thumbnails.thumbnail",
  "pk": 8,
  "fields": {
    "storage_hash": "d26becbf46ac48eda79c7a39a13a02dd",
    "name": "products/walky ducky\\owl-sitting-inside-log-house-fireplace_wQfP6Rbm_upscaled.jpg.400x400_q85_crop-smart.jpg",
    "modified": "2024-01-20T14:46:45.127Z",
    "source": 7
  }
},
{
  "model": "easy_thumbnails.thumbnail",
  "pk": 9,
  "fields": {
    "storage_hash": "d26becbf46ac48eda79c7a39a13a02dd",
    "name": "products/walky ducky\\owl-sitting-inside-log-house-fireplace_wQfP6Rbm_upscaled.jpg.100x100_q85_crop-smart.jpg",
    "modified": "2024-01-20T14:46:45.503Z",
    "source": 7
  }
},
{
  "model": "easy_thumbnails.thumbnail",
  "pk": 10,
  "fields": {
    "storage_hash": "d26becbf46ac48eda79c7a39a13a02dd",
    "name": "products/walky ducky\\_1cd8d5b0-62f0-4ecd-91a0-5c239c90d12b.jfif.100x100_q85_crop-smart.jpg",
    "modified": "2024-01-20T14:46:45.722Z",
    "source": 8
  }
},
{
  "model": "easy_thumbnails.thumbnail",
  "pk": 11,
  "fields": {
    "storage_hash": "d26becbf46ac48eda79c7a39a13a02dd",
    "name": "products/Cosmic runners\\_690ca166-c91f-461c-8238-189d8c1913b2.jfif.150x150_q85_crop-smart.jpg",
    "modified": "2024-01-26T16:42:21.172Z",
    "source": 9
  }
},
{
  "model": "easy_thumbnails.thumbnail",
  "pk": 12,
  "fields": {
    "storage_hash": "d26becbf46ac48eda79c7a39a13a02dd",
    "name": "products/Space walkers\\_6e3884fd-b930-45dc-82c1-6433856652eb_aa2DRy2.jfif.150x150_q85_crop-smart.jpg",
    "modified": "2024-01-26T16:42:21.265Z",
    "source": 1
  }
},
{
  "model": "easy_thumbnails.thumbnail",
  "pk": 13,
  "fields": {
    "storage_hash": "d26becbf46ac48eda79c7a39a13a02dd",
    "name": "products/Sniks\\303828_NVPR_D.jpg.400x400_q85_crop-smart.jpg",
    "modified": "2024-05-16T16:34:12.691Z",
    "source": 10
  }
},
{
  "model": "easy_thumbnails.thumbnail",
  "pk": 14,
  "fields": {
    "storage_hash": "d26becbf46ac48eda79c7a39a13a02dd",
    "name": "products/Sniks\\303828_NVPR_D.jpg.100x100_q85_crop-smart.jpg",
    "modified": "2024-05-16T16:34:12.794Z",
    "source": 10
  }
},
{
  "model": "easy_thumbnails.thumbnail",
  "pk": 15,
  "fields": {
    "storage_hash": "d26becbf46ac48eda79c7a39a13a02dd",
    "name": "products/Sniks\\303828_NVPR.jpg.100x100_q85_crop-smart.jpg",
    "modified": "2024-05-16T16:34:12.903Z",
    "source": 11
  }
},
{
  "model": "easy_thumbnails.thumbnail",
  "pk": 16,
  "fields": {
    "storage_hash": "d26becbf46ac48eda79c7a39a13a02dd",
    "name": "products/Sniks\\303828_NVPR_E.jpg.100x100_q85_crop-smart.jpg",
    "modified": "2024-05-16T16:34:13.029Z",
    "source": 12
  }
},
{
  "model": "easy_thumbnails.thumbnail",
  "pk": 17,
  "fields": {
    "storage_hash": "d26becbf46ac48eda79c7a39a13a02dd",
    "name": "products/VolocityPro\\_df686373-ad5e-4378-9186-10272ba5d307.jfif.400x400_q85_crop-smart.jpg",
    "modified": "2024-05-16T17:02:35.250Z",
    "source": 13
  }
},
{
  "model": "easy_thumbnails.thumbnail",
  "pk": 18,
  "fields": {
    "storage_hash": "d26becbf46ac48eda79c7a39a13a02dd",
    "name": "products/VolocityPro\\_df686373-ad5e-4378-9186-10272ba5d307.jfif.100x100_q85_crop-smart.jpg",
    "modified": "2024-05-16T17:02:35.349Z",
    "source": 13
  }
},
{
  "model": "easy_thumbnails.thumbnail",
  "pk": 19,
  "fields": {
    "storage_hash": "d26becbf46ac48eda79c7a39a13a02dd",
    "name": "products/VolocityPro\\_2227d744-0d5d-462b-9347-08790a17c8dd.jfif.100x100_q85_crop-smart.jpg",
    "modified": "2024-05-16T17:02:35.430Z",
    "source": 14
  }
},
{
  "model": "easy_thumbnails.thumbnail",
  "pk": 20,
  "fields": {
    "storage_hash": "d26becbf46ac48eda79c7a39a13a02dd",
    "name": "products/VolocityPro\\_3ccb3aab-bed3-406a-a14c-34681769406e.jfif.100x100_q85_crop-smart.jpg",
    "modified": "2024-05-16T17:02:35.531Z",
    "source": 15
  }
},
{
  "model": "easy_thumbnails.thumbnail",
  "pk": 21,
  "fields": {
    "storage_hash": "d26becbf46ac48eda79c7a39a13a02dd",
    "name": "products/Heeled Booties\\s-l1600.jpg.400x400_q85_crop-smart.jpg",
    "modified": "2024-05-16T17:19:39.754Z",
    "source": 16
  }
},
{
  "model": "easy_thumbnails.thumbnail",
  "pk": 22,
  "fields": {
    "storage_hash": "d26becbf46ac48eda79c7a39a13a02dd",
    "name": "products/Heeled Booties\\s-l1600.jpg.100x100_q85_crop-smart.jpg",
    "modified": "2024-05-16T17:19:39.872Z",
    "source": 16
  }
},
{
  "model": "easy_thumbnails.thumbnail",
  "pk": 23,
  "fields": {
    "storage_hash": "d26becbf46ac48eda79c7a39a13a02dd",
    "name": "products/Heeled Booties\\s-l960.webp.100x100_q85_crop-smart.jpg",
    "modified": "2024-05-16T17:19:40.006Z",
    "source": 17
  }
},
{
  "model": "easy_thumbnails.thumbnail",
  "pk": 24,
  "fields": {
    "storage_hash": "d26becbf46ac48eda79c7a39a13a02dd",
    "name": "products/Heeled Booties\\s-l960_1.jpg.100x100_q85_crop-smart.jpg",
    "modified": "2024-05-16T17:19:40.111Z",
    "source": 18
  }
},
{
  "model": "easy_thumbnails.thumbnail",
  "pk": 25,
  "fields": {
    "storage_hash": "d26becbf46ac48eda79c7a39a13a02dd",
    "name": "products/CloudWalk\\114814_WHT_E.jpg.400x400_q85_crop-smart.jpg",
    "modified": "2024-05-16T17:35:19.142Z",
    "source": 19
  }
},
{
  "model": "easy_thumbnails.thumbnail",
  "pk": 26,
  "fields": {
    "storage_hash": "d26becbf46ac48eda79c7a39a13a02dd",
    "name": "products/CloudWalk\\114814_WHT_E.jpg.100x100_q85_crop-smart.jpg",
    "modified": "2024-05-16T17:35:19.252Z",
    "source": 19
  }
},
{
  "model": "easy_thumbnails.thumbnail",
  "pk": 27,
  "fields": {
    "storage_hash": "d26becbf46ac48eda79c7a39a13a02dd",
    "name": "products/CloudWalk\\114814_WHT_D.jpg.100x100_q85_crop-smart.jpg",
    "modified": "2024-05-16T17:35:19.432Z",
    "source": 20
  }
},
{
  "model": "easy_thumbnails.thumbnail",
  "pk": 28,
  "fields": {
    "storage_hash": "d26becbf46ac48eda79c7a39a13a02dd",
    "name": "products/CloudWalk\\114814_WHT.jpg.100x100_q85_crop-smart.jpg",
    "modified": "2024-05-16T17:35:19.556Z",
    "source": 21
  }
},
{
  "model": "easy_thumbnails.thumbnail",
  "pk": 29,
  "fields": {
    "storage_hash": "d26becbf46ac48eda79c7a39a13a02dd",
    "name": "products/SnowTrekker\\2_2.jpg.400x400_q85_crop-smart.jpg",
    "modified": "2024-05-16T17:59:37.839Z",
    "source": 22
  }
},
{
  "model": "easy_thumbnails.thumbnail",
  "pk": 30,
  "fields": {
    "storage_hash": "d26becbf46ac48eda79c7a39a13a02dd",
    "name": "products/SnowTrekker\\2_2.jpg.100x100_q85_crop-smart.jpg",
    "modified": "2024-05-16T17:59:37.916Z",
    "source": 22
  }
},
{
  "model": "easy_thumbnails.thumbnail",
  "pk": 31,
  "fields": {
    "storage_hash": "d26becbf46ac48eda79c7a39a13a02dd",
    "name": "products/SnowTrekker\\2_1.jpg.100x100_q85_crop-smart.jpg",
    "modified": "2024-05-16T17:59:38.016Z",
    "source": 23
  }
},
{
  "model": "easy_thumbnails.thumbnail",
  "pk": 32,
  "fields": {
    "storage_hash": "d26becbf46ac48eda79c7a39a13a02dd",
    "name": "products/PuddleMeasurer\\51bszTXUyaL._AC_SY695_.jpg.400x400_q85_crop-smart.jpg",
    "modified": "2024-05-16T19:48:21.345Z",
    "source": 24
  }
},
{
  "model": "easy_thumbnails.thumbnail",
  "pk": 33,
  "fields": {
    "storage_hash": "d26becbf46ac48eda79c7a39a13a02dd",
    "name": "products/PuddleMeasurer\\51bszTXUyaL._AC_SY695_.jpg.100x100_q85_crop-smart.jpg",
    "modified": "2024-05-16T19:48:21.543Z",
    "source": 24
  }
},
{
  "model": "easy_thumbnails.thumbnail",
  "pk": 34,
  "fields": {
    "storage_hash": "d26becbf46ac48eda79c7a39a13a02dd",
    "name": "products/PuddleMeasurer\\61ez0eMx5kL._AC_SX500_.jpg.100x100_q85_crop-smart.jpg",
    "modified": "2024-05-16T19:48:21.690Z",
    "source": 25
  }
},
{
  "model": "easy_thumbnails.thumbnail",
  "pk": 35,
  "fields": {
    "storage_hash": "d26becbf46ac48eda79c7a39a13a02dd",
    "name": "products/PuddleMeasurer\\61XDFAsLEHL._AC_SY625_.jpg.100x100_q85_crop-smart.jpg",
    "modified": "2024-05-16T19:48:21.927Z",
    "source": 26
  }
},
{
  "model": "easy_thumbnails.thumbnail",
  "pk": 36,
  "fields": {
    "storage_hash": "d26becbf46ac48eda79c7a39a13a02dd",
    "name": "products/PuddleMeasurer\\51Bc8mzpbrL._AC_SY535_.jpg.400x400_q85_crop-smart.jpg",
    "modified": "2024-05-16T19:55:55.575Z",
    "source": 27
  }
},
{
  "model": "easy_thumbnails.thumbnail",
  "pk": 37,
  "fields": {
    "storage_hash": "d26becbf46ac48eda79c7a39a13a02dd",
    "name": "products/PuddleMeasurer\\51Bc8mzpbrL._AC_SY535_.jpg.100x100_q85_crop-smart.jpg",
    "modified": "2024-05-16T19:55:55.648Z",
    "source": 27
  }
},
{
  "model": "easy_thumbnails.thumbnail",
  "pk": 38,
  "fields": {
    "storage_hash": "d26becbf46ac48eda79c7a39a13a02dd",
    "name": "products/PuddleMeasurer\\51HwY1loAZL._AC_SY535_.jpg.100x100_q85_crop-smart.jpg",
    "modified": "2024-05-16T19:55:55.746Z",
    "source": 28
  }
},
{
  "model": "easy_thumbnails.thumbnail",
  "pk": 39,
  "fields": {
    "storage_hash": "d26becbf46ac48eda79c7a39a13a02dd",
    "name": "products/CityComfort\\2_1_ZqqjHAt.jpg.400x400_q85_crop-smart.jpg",
    "modified": "2024-05-16T20:05:37.372Z",
    "source": 29
  }
},
{
  "model": "easy_thumbnails.thumbnail",
  "pk": 40,
  "fields": {
    "storage_hash": "d26becbf46ac48eda79c7a39a13a02dd",
    "name": "products/CityComfort\\2_1_ZqqjHAt.jpg.100x100_q85_crop-smart.jpg",
    "modified": "2024-05-16T20:05:37.509Z",
    "source": 29
  }
},
{
  "model": "easy_thumbnails.thumbnail",
  "pk": 41,
  "fields": {
    "storage_hash": "d26becbf46ac48eda79c7a39a13a02dd",
    "name": "products/CityComfort\\2_2.jpg.100x100_q85_crop-smart.jpg",
    "modified": "2024-05-16T20:05:37.604Z",
    "source": 30
  }
},
{
  "model": "easy_thumbnails.thumbnail",
  "pk": 42,
  "fields": {
    "storage_hash": "d26becbf46ac48eda79c7a39a13a02dd",
    "name": "products/CityComfort\\2_2_kl6BUqd.jpg.100x100_q85_crop-smart.jpg",
    "modified": "2024-05-16T20:06:48.841Z",
    "source": 31
  }
},
{
  "model": "easy_thumbnails.thumbnail",
  "pk": 43,
  "fields": {
    "storage_hash": "d26becbf46ac48eda79c7a39a13a02dd",
    "name": "products/CityComfort\\2_2_JaIW91F.jpg.100x100_q85_crop-smart.jpg",
    "modified": "2024-05-16T20:08:24.230Z",
    "source": 32
  }
},
{
  "model": "easy_thumbnails.thumbnail",
  "pk": 44,
  "fields": {
    "storage_hash": "d26becbf46ac48eda79c7a39a13a02dd",
    "name": "products/CityComfort\\2_1_NORVA8L.jpg.400x400_q85_crop-smart.jpg",
    "modified": "2024-05-16T20:11:21.228Z",
    "source": 33
  }
},
{
  "model": "easy_thumbnails.thumbnail",
  "pk": 45,
  "fields": {
    "storage_hash": "d26becbf46ac48eda79c7a39a13a02dd",
    "name": "products/CityComfort\\2_1_NORVA8L.jpg.100x100_q85_crop-smart.jpg",
    "modified": "2024-05-16T20:11:21.373Z",
    "source": 33
  }
},
{
  "model": "easy_thumbnails.thumbnail",
  "pk": 46,
  "fields": {
    "storage_hash": "d26becbf46ac48eda79c7a39a13a02dd",
    "name": "products/UrbanRunners\\71aw3ZS16pL._AC_SY500_.jpg.400x400_q85_crop-smart.jpg",
    "modified": "2024-05-16T20:11:43.867Z",
    "source": 34
  }
},
{
  "model": "easy_thumbnails.thumbnail",
  "pk": 47,
  "fields": {
    "storage_hash": "d26becbf46ac48eda79c7a39a13a02dd",
    "name": "products/UrbanRunners\\71aw3ZS16pL._AC_SY500_.jpg.100x100_q85_crop-smart.jpg",
    "modified": "2024-05-16T20:11:44.016Z",
    "source": 34
  }
},
{
  "model": "easy_thumbnails.thumbnail",
  "pk": 48,
  "fields": {
    "storage_hash": "d26becbf46ac48eda79c7a39a13a02dd",
    "name": "products/UrbanRunners\\81tsDzIqH8L._AC_SY500_.jpg.100x100_q85_crop-smart.jpg",
    "modified": "2024-05-16T20:11:44.134Z",
    "source": 35
  }
},
{
  "model": "easy_thumbnails.thumbnail",
  "pk": 49,
  "fields": {
    "storage_hash": "d26becbf46ac48eda79c7a39a13a02dd",
    "name": "products/UrbanRunners\\71aw3ZS16pL._AC_SY500__kov5ORZ.jpg.400x400_q85_crop-smart.jpg",
    "modified": "2024-05-16T20:13:34.629Z",
    "source": 36
  }
},
{
  "model": "easy_thumbnails.thumbnail",
  "pk": 50,
  "fields": {
    "storage_hash": "d26becbf46ac48eda79c7a39a13a02dd",
    "name": "products/UrbanRunners\\71aw3ZS16pL._AC_SY500__kov5ORZ.jpg.100x100_q85_crop-smart.jpg",
    "modified": "2024-05-16T20:13:34.790Z",
    "source": 36
  }
},
{
  "model": "easy_thumbnails.thumbnail",
  "pk": 51,
  "fields": {
    "storage_hash": "d26becbf46ac48eda79c7a39a13a02dd",
    "name": "products/UrbanRunners\\81tsDzIqH8L._AC_SY500__DGg2J8B.jpg.100x100_q85_crop-smart.jpg",
    "modified": "2024-05-16T20:13:34.961Z",
    "source": 37
  }
},
{
  "model": "easy_thumbnails.thumbnail",
  "pk": 52,
  "fields": {
    "storage_hash": "d26becbf46ac48eda79c7a39a13a02dd",
    "name": "products/Flex Slips\\2_1.jpg.400x400_q85_crop-smart.jpg",
    "modified": "2024-05-16T20:13:56.236Z",
    "source": 38
  }
},
{
  "model": "easy_thumbnails.thumbnail",
  "pk": 53,
  "fields": {
    "storage_hash": "d26becbf46ac48eda79c7a39a13a02dd",
    "name": "products/Flex Slips\\2_1.jpg.100x100_q85_crop-smart.jpg",
    "modified": "2024-05-16T20:13:56.308Z",
    "source": 38
  }
},
{
  "model": "easy_thumbnails.thumbnail",
  "pk": 54,
  "fields": {
    "storage_hash": "d26becbf46ac48eda79c7a39a13a02dd",
    "name": "products/Flex Slips\\2_2.jpg.100x100_q85_crop-smart.jpg",
    "modified": "2024-05-16T20:13:56.438Z",
    "source": 39
  }
},
{
  "model": "easy_thumbnails.thumbnail",
  "pk": 55,
  "fields": {
    "storage_hash": "d26becbf46ac48eda79c7a39a13a02dd",
    "name": "products/Flex Slips\\2_3.jpg.100x100_q85_crop-smart.jpg",
    "modified": "2024-05-16T20:13:56.560Z",
    "source": 40
  }
},
{
  "model": "easy_thumbnails.thumbnail",
  "pk": 56,
  "fields": {
    "storage_hash": "d26becbf46ac48eda79c7a39a13a02dd",
    "name": "products/Flex Slips\\2_1_hIrzRZk.jpg.400x400_q85_crop-smart.jpg",
    "modified": "2024-05-16T20:16:52.986Z",
    "source": 41
  }
},
{
  "model": "easy_thumbnails.thumbnail",
  "pk": 57,
  "fields": {
    "storage_hash": "d26becbf46ac48eda79c7a39a13a02dd",
    "name": "products/Flex Slips\\2_1_hIrzRZk.jpg.100x100_q85_crop-smart.jpg",
    "modified": "2024-05-16T20:16:53.112Z",
    "source": 41
  }
},
{
  "model": "easy_thumbnails.thumbnail",
  "pk": 58,
  "fields": {
    "storage_hash": "d26becbf46ac48eda79c7a39a13a02dd",
    "name": "products/Flex Slips\\2_2_E7jO92k.jpg.100x100_q85_crop-smart.jpg",
    "modified": "2024-05-16T20:16:53.304Z",
    "source": 42
  }
},
{
  "model": "easy_thumbnails.thumbnail",
  "pk": 59,
  "fields": {
    "storage_hash": "d26becbf46ac48eda79c7a39a13a02dd",
    "name": "products/Flex Slips\\2_3_qoO5h4Q.jpg.100x100_q85_crop-smart.jpg",
    "modified": "2024-05-16T20:16:53.489Z",
    "source": 43
  }
},
{
  "model": "easy_thumbnails.thumbnail",
  "pk": 60,
  "fields": {
    "storage_hash": "d26becbf46ac48eda79c7a39a13a02dd",
    "name": "products/CloudWalk\\114814_WHT_E_1df8dLG.jpg.400x400_q85_crop-smart.jpg",
    "modified": "2024-05-16T20:20:03.804Z",
    "source": 44
  }
},
{
  "model": "easy_thumbnails.thumbnail",
  "pk": 61,
  "fields": {
    "storage_hash": "d26becbf46ac48eda79c7a39a13a02dd",
    "name": "products/CloudWalk\\114814_WHT_E_1df8dLG.jpg.100x100_q85_crop-smart.jpg",
    "modified": "2024-05-16T20:20:03.923Z",
    "source": 44
  }
},
{
  "model": "easy_thumbnails.thumbnail",
  "pk": 62,
  "fields": {
    "storage_hash": "d26becbf46ac48eda79c7a39a13a02dd",
    "name": "products/CloudWalk\\114814_WHT_D_KN3lZ5e.jpg.100x100_q85_crop-smart.jpg",
    "modified": "2024-05-16T20:20:04.076Z",
    "source": 45
  }
},
{
  "model": "easy_thumbnails.thumbnail",
  "pk": 63,
  "fields": {
    "storage_hash": "d26becbf46ac48eda79c7a39a13a02dd",
    "name": "products/CloudWalk\\114814_WHT_uHauDgd.jpg.100x100_q85_crop-smart.jpg",
    "modified": "2024-05-16T20:20:04.262Z",
    "source": 46
  }
},
{
  "model": "easy_thumbnails.thumbnail",
  "pk": 64,
  "fields": {
    "storage_hash": "d26becbf46ac48eda79c7a39a13a02dd",
    "name": "products/Flex Slips\\2_1_UbMUKeZ.jpg.400x400_q85_crop-smart.jpg",
    "modified": "2024-05-16T20:23:36.460Z",
    "source": 47
  }
},
{
  "model": "easy_thumbnails.thumbnail",
  "pk": 65,
  "fields": {
    "storage_hash": "d26becbf46ac48eda79c7a39a13a02dd",
    "name": "products/Flex Slips\\2_1_UbMUKeZ.jpg.100x100_q85_crop-smart.jpg",
    "modified": "2024-05-16T20:23:36.557Z",
    "source": 47
  }
},
{
  "model": "easy_thumbnails.thumbnail",
  "pk": 66,
  "fields": {
    "storage_hash": "d26becbf46ac48eda79c7a39a13a02dd",
    "name": "products/Flex Slips\\2_2_KVXUYIg.jpg.100x100_q85_crop-smart.jpg",
    "modified": "2024-05-16T20:23:36.700Z",
    "source": 48
  }
},
{
  "model": "easy_thumbnails.thumbnail",
  "pk": 67,
  "fields": {
    "storage_hash": "d26becbf46ac48eda79c7a39a13a02dd",
    "name": "products/Flex Slips\\2_3_M7WWwV2.jpg.100x100_q85_crop-smart.jpg",
    "modified": "2024-05-16T20:23:36.836Z",
    "source": 49
  }
},
{
  "model": "easy_thumbnails.thumbnail",
  "pk": 68,
  "fields": {
    "storage_hash": "d26becbf46ac48eda79c7a39a13a02dd",
    "name": "products/Faux leather boots\\2_1.jpg.400x400_q85_crop-smart.jpg",
    "modified": "2024-05-16T20:45:53.315Z",
    "source": 50
  }
},
{
  "model": "easy_thumbnails.thumbnail",
  "pk": 69,
  "fields": {
    "storage_hash": "d26becbf46ac48eda79c7a39a13a02dd",
    "name": "products/Faux leather boots\\2_1.jpg.100x100_q85_crop-smart.jpg",
    "modified": "2024-05-16T20:45:53.350Z",
    "source": 50
  }
},
{
  "model": "easy_thumbnails.thumbnail",
  "pk": 70,
  "fields": {
    "storage_hash": "d26becbf46ac48eda79c7a39a13a02dd",
    "name": "products/Faux leather boots\\2_2.webp.100x100_q85_crop-smart.jpg",
    "modified": "2024-05-16T20:45:53.442Z",
    "source": 51
  }
},
{
  "model": "easy_thumbnails.thumbnail",
  "pk": 71,
  "fields": {
    "storage_hash": "d26becbf46ac48eda79c7a39a13a02dd",
    "name": "products/Faux leather boots\\2_3.jpg.100x100_q85_crop-smart.jpg",
    "modified": "2024-05-16T20:45:53.518Z",
    "source": 52
  }
},
{
  "model": "easy_thumbnails.thumbnail",
  "pk": 72,
  "fields": {
    "storage_hash": "d26becbf46ac48eda79c7a39a13a02dd",
    "name": "products/Faux leather boots\\2_1_7g5MIgn.jpg.400x400_q85_crop-smart.jpg",
    "modified": "2024-05-16T20:56:52.488Z",
    "source": 53
  }
},
{
  "model": "easy_thumbnails.thumbnail",
  "pk": 73,
  "fields": {
    "storage_hash": "d26becbf46ac48eda79c7a39a13a02dd",
    "name": "products/Faux leather boots\\2_1_7g5MIgn.jpg.100x100_q85_crop-smart.jpg",
    "modified": "2024-05-16T20:56:52.605Z",
    "source": 53
  }
},
{
  "model": "easy_thumbnails.thumbnail",
  "pk": 74,
  "fields": {
    "storage_hash": "d26becbf46ac48eda79c7a39a13a02dd",
    "name": "products/Faux leather boots\\2_2.jpg.100x100_q85_crop-smart.jpg",
    "modified": "2024-05-16T20:56:52.766Z",
    "source": 54
  }
},
{
  "model": "easy_thumbnails.thumbnail",
  "pk": 75,
  "fields": {
    "storage_hash": "d26becbf46ac48eda79c7a39a13a02dd",
    "name": "products/Faux leather boots\\2_3_0Hr1pFF.jpg.100x100_q85_crop-smart.jpg",
    "modified": "2024-05-16T20:56:52.905Z",
    "source": 55
  }
},
{
  "model": "easy_thumbnails.thumbnail",
  "pk": 76,
  "fields": {
    "storage_hash": "d26becbf46ac48eda79c7a39a13a02dd",
    "name": "products/PuddleMeasurer\\51HwY1loAZL._AC_SY535__WuXgSA2.jpg.400x400_q85_crop-smart.jpg",
    "modified": "2024-05-16T20:57:05.231Z",
    "source": 56
  }
},
{
  "model": "easy_thumbnails.thumbnail",
  "pk": 77,
  "fields": {
    "storage_hash": "d26becbf46ac48eda79c7a39a13a02dd",
    "name": "products/PuddleMeasurer\\51HwY1loAZL._AC_SY535__WuXgSA2.jpg.100x100_q85_crop-smart.jpg",
    "modified": "2024-05-16T20:57:05.312Z",
    "source": 56
  }
},
{
  "model": "easy_thumbnails.thumbnail",
  "pk": 78,
  "fields": {
    "storage_hash": "d26becbf46ac48eda79c7a39a13a02dd",
    "name": "products/PuddleMeasurer\\51Bc8mzpbrL._AC_SY535__Z86zZwS.jpg.100x100_q85_crop-smart.jpg",
    "modified": "2024-05-16T20:57:05.411Z",
    "source": 57
  }
},
{
  "model": "easy_thumbnails.thumbnail",
  "pk": 79,
  "fields": {
    "storage_hash": "d26becbf46ac48eda79c7a39a13a02dd",
    "name": "products/Puddle Jumpers\\3_1_PbI7jGi.jpg.400x400_q85_crop-smart.jpg",
    "modified": "2024-05-16T21:01:36.523Z",
    "source": 58
  }
},
{
  "model": "easy_thumbnails.thumbnail",
  "pk": 80,
  "fields": {
    "storage_hash": "d26becbf46ac48eda79c7a39a13a02dd",
    "name": "products/Puddle Jumpers\\3_1_PbI7jGi.jpg.100x100_q85_crop-smart.jpg",
    "modified": "2024-05-16T21:01:36.611Z",
    "source": 58
  }
},
{
  "model": "easy_thumbnails.thumbnail",
  "pk": 81,
  "fields": {
    "storage_hash": "d26becbf46ac48eda79c7a39a13a02dd",
    "name": "products/Puddle Jumpers\\3_2_LphNGra.jpg.100x100_q85_crop-smart.jpg",
    "modified": "2024-05-16T21:01:36.706Z",
    "source": 59
  }
},
{
  "model": "easy_thumbnails.thumbnail",
  "pk": 82,
  "fields": {
    "storage_hash": "d26becbf46ac48eda79c7a39a13a02dd",
    "name": "products/Adventure Seeker\\2_1_G44r66J.jpg.400x400_q85_crop-smart.jpg",
    "modified": "2024-05-16T21:01:45.029Z",
    "source": 60
  }
},
{
  "model": "easy_thumbnails.thumbnail",
  "pk": 83,
  "fields": {
    "storage_hash": "d26becbf46ac48eda79c7a39a13a02dd",
    "name": "products/Adventure Seeker\\2_1_G44r66J.jpg.100x100_q85_crop-smart.jpg",
    "modified": "2024-05-16T21:01:45.104Z",
    "source": 60
  }
},
{
  "model": "easy_thumbnails.thumbnail",
  "pk": 84,
  "fields": {
    "storage_hash": "d26becbf46ac48eda79c7a39a13a02dd",
    "name": "products/Adventure Seeker\\2_2_EJM260o.jpg.100x100_q85_crop-smart.jpg",
    "modified": "2024-05-16T21:01:45.201Z",
    "source": 61
  }
},
{
  "model": "easy_thumbnails.thumbnail",
  "pk": 85,
  "fields": {
    "storage_hash": "d26becbf46ac48eda79c7a39a13a02dd",
    "name": "products/Adventure Seeker\\2_3_Wva35lM.jpg.100x100_q85_crop-smart.jpg",
    "modified": "2024-05-16T21:01:45.311Z",
    "source": 62
  }
},
{
  "model": "easy_thumbnails.thumbnail",
  "pk": 86,
  "fields": {
    "storage_hash": "d26becbf46ac48eda79c7a39a13a02dd",
    "name": "products/Heeled Booties\\s-l1600_a25fCEM.jpg.400x400_q85_crop-smart.jpg",
    "modified": "2024-05-17T00:43:39.870Z",
    "source": 63
  }
},
{
  "model": "easy_thumbnails.thumbnail",
  "pk": 87,
  "fields": {
    "storage_hash": "d26becbf46ac48eda79c7a39a13a02dd",
    "name": "products/Heeled Booties\\s-l1600_a25fCEM.jpg.100x100_q85_crop-smart.jpg",
    "modified": "2024-05-17T00:43:39.924Z",
    "source": 63
  }
},
{
  "model": "easy_thumbnails.thumbnail",
  "pk": 88,
  "fields": {
    "storage_hash": "d26becbf46ac48eda79c7a39a13a02dd",
    "name": "products/Heeled Booties\\s-l960.jpg.100x100_q85_crop-smart.jpg",
    "modified": "2024-05-17T00:43:39.981Z",
    "source": 64
  }
},
{
  "model": "easy_thumbnails.thumbnail",
  "pk": 89,
  "fields": {
    "storage_hash": "d26becbf46ac48eda79c7a39a13a02dd",
    "name": "products/Heeled Booties\\s-l960_1_VQPGxjl.jpg.100x100_q85_crop-smart.jpg",
    "modified": "2024-05-17T00:43:40.037Z",
    "source": 65
  }
},
{
  "model": "easy_thumbnails.thumbnail",
  "pk": 90,
  "fields": {
    "storage_hash": "d26becbf46ac48eda79c7a39a13a02dd",
    "name": "products/BreathyEasy\\405634_BBK.jpg.400x400_q85_crop-smart.jpg",
    "modified": "2024-05-17T00:44:03.612Z",
    "source": 66
  }
},
{
  "model": "easy_thumbnails.thumbnail",
  "pk": 91,
  "fields": {
    "storage_hash": "d26becbf46ac48eda79c7a39a13a02dd",
    "name": "products/BreathyEasy\\405634_BBK.jpg.100x100_q85_crop-smart.jpg",
    "modified": "2024-05-17T00:44:03.682Z",
    "source": 66
  }
},
{
  "model": "easy_thumbnails.thumbnail",
  "pk": 92,
  "fields": {
    "storage_hash": "d26becbf46ac48eda79c7a39a13a02dd",
    "name": "products/BreathyEasy\\405634_BBK_E.jpg.100x100_q85_crop-smart.jpg",
    "modified": "2024-05-17T00:44:03.758Z",
    "source": 67
  }
},
{
  "model": "easy_thumbnails.thumbnail",
  "pk": 93,
  "fields": {
    "storage_hash": "d26becbf46ac48eda79c7a39a13a02dd",
    "name": "products/Snow boots\\3_3_64oDV7A.jpg.400x400_q85_crop-smart.jpg",
    "modified": "2024-05-17T22:26:41.012Z",
    "source": 68
  }
},
{
  "model": "easy_thumbnails.thumbnail",
  "pk": 94,
  "fields": {
    "storage_hash": "d26becbf46ac48eda79c7a39a13a02dd",
    "name": "products/Snow boots\\3_3_64oDV7A.jpg.100x100_q85_crop-smart.jpg",
    "modified": "2024-05-17T22:26:41.043Z",
    "source": 68
  }
},
{
  "model": "easy_thumbnails.thumbnail",
  "pk": 95,
  "fields": {
    "storage_hash": "d26becbf46ac48eda79c7a39a13a02dd",
    "name": "products/Snow boots\\3_2_Cy93NZN.jpg.100x100_q85_crop-smart.jpg",
    "modified": "2024-05-17T22:26:41.087Z",
    "source": 69
  }
},
{
  "model": "easy_thumbnails.thumbnail",
  "pk": 96,
  "fields": {
    "storage_hash": "d26becbf46ac48eda79c7a39a13a02dd",
    "name": "products/Snow boots\\3_1_rkYqRFY.jpg.100x100_q85_crop-smart.jpg",
    "modified": "2024-05-17T22:26:41.134Z",
    "source": 70
  }
},
{
  "model": "easy_thumbnails.thumbnail",
  "pk": 97,
  "fields": {
    "storage_hash": "d26becbf46ac48eda79c7a39a13a02dd",
    "name": "products/Sniks\\303828_NVPR_E_tjKh9Hg.jpg.400x400_q85_crop-smart.jpg",
    "modified": "2024-05-17T22:29:16.203Z",
    "source": 71
  }
},
{
  "model": "easy_thumbnails.thumbnail",
  "pk": 98,
  "fields": {
    "storage_hash": "d26becbf46ac48eda79c7a39a13a02dd",
    "name": "products/Sniks\\303828_NVPR_E_tjKh9Hg.jpg.100x100_q85_crop-smart.jpg",
    "modified": "2024-05-17T22:29:16.250Z",
    "source": 71
  }
},
{
  "model": "easy_thumbnails.thumbnail",
  "pk": 99,
  "fields": {
    "storage_hash": "d26becbf46ac48eda79c7a39a13a02dd",
    "name": "products/Sniks\\303828_NVPR_D_MXGLAku.jpg.100x100_q85_crop-smart.jpg",
    "modified": "2024-05-17T22:29:16.296Z",
    "source": 72
  }
},
{
  "model": "easy_thumbnails.thumbnail",
  "pk": 100,
  "fields": {
    "storage_hash": "d26becbf46ac48eda79c7a39a13a02dd",
    "name": "products/Sniks\\303828_NVPR_Tk28iUl.jpg.100x100_q85_crop-smart.jpg",
    "modified": "2024-05-17T22:29:16.328Z",
    "source": 73
  }
},
{
  "model": "easy_thumbnails.thumbnail",
  "pk": 101,
  "fields": {
    "storage_hash": "d26becbf46ac48eda79c7a39a13a02dd",
    "name": "products/MaxComfort\\_4668c9d9-c89a-4980-9068-75576ab42410.jfif.400x400_q85_crop-smart.jpg",
    "modified": "2024-05-17T22:33:44.015Z",
    "source": 74
  }
},
{
  "model": "easy_thumbnails.thumbnail",
  "pk": 102,
  "fields": {
    "storage_hash": "d26becbf46ac48eda79c7a39a13a02dd",
    "name": "products/MaxComfort\\_4668c9d9-c89a-4980-9068-75576ab42410.jfif.100x100_q85_crop-smart.jpg",
    "modified": "2024-05-17T22:33:44.046Z",
    "source": 74
  }
},
{
  "model": "easy_thumbnails.thumbnail",
  "pk": 103,
  "fields": {
    "storage_hash": "d26becbf46ac48eda79c7a39a13a02dd",
    "name": "products/MaxComfort\\_1c23127d-272e-4efd-82d7-084e55935020.jfif.100x100_q85_crop-smart.jpg",
    "modified": "2024-05-17T22:33:44.093Z",
    "source": 75
  }
},
{
  "model": "easy_thumbnails.thumbnail",
  "pk": 104,
  "fields": {
    "storage_hash": "d26becbf46ac48eda79c7a39a13a02dd",
    "name": "products/SnowTrekker\\2_2_23zR6yG.jpg.400x400_q85_crop-smart.jpg",
    "modified": "2024-05-19T18:50:50.118Z",
    "source": 76
  }
},
{
  "model": "easy_thumbnails.thumbnail",
  "pk": 105,
  "fields": {
    "storage_hash": "d26becbf46ac48eda79c7a39a13a02dd",
    "name": "products/SnowTrekker\\2_2_23zR6yG.jpg.100x100_q85_crop-smart.jpg",
    "modified": "2024-05-19T18:50:50.252Z",
    "source": 76
  }
},
{
  "model": "easy_thumbnails.thumbnail",
  "pk": 106,
  "fields": {
    "storage_hash": "d26becbf46ac48eda79c7a39a13a02dd",
    "name": "products/SnowTrekker\\2_1_C2qNVIv.jpg.100x100_q85_crop-smart.jpg",
    "modified": "2024-05-19T18:50:50.405Z",
    "source": 77
  }
},
{
  "model": "easy_thumbnails.thumbnail",
  "pk": 107,
  "fields": {
    "storage_hash": "d26becbf46ac48eda79c7a39a13a02dd",
    "name": "products/Sniks\\303828_NVPR_E_tjKh9Hg.jpg.800x800_q85_crop-smart.jpg",
    "modified": "2024-05-19T20:15:46.824Z",
    "source": 71
  }
},
{
  "model": "easy_thumbnails.thumbnail",
  "pk": 108,
  "fields": {
    "storage_hash": "d26becbf46ac48eda79c7a39a13a02dd",
    "name": "products/Sniks\\303828_NVPR_E_tjKh9Hg.jpg.200x200_q85_crop-smart.jpg",
    "modified": "2024-05-19T20:15:46.980Z",
    "source": 71
  }
},
{
  "model": "easy_thumbnails.thumbnail",
  "pk": 109,
  "fields": {
    "storage_hash": "d26becbf46ac48eda79c7a39a13a02dd",
    "name": "products/Sniks\\303828_NVPR_D_MXGLAku.jpg.200x200_q85_crop-smart.jpg",
    "modified": "2024-05-19T20:15:47.141Z",
    "source": 72
  }
},
{
  "model": "easy_thumbnails.thumbnail",
  "pk": 110,
  "fields": {
    "storage_hash": "d26becbf46ac48eda79c7a39a13a02dd",
    "name": "products/Sniks\\303828_NVPR_Tk28iUl.jpg.200x200_q85_crop-smart.jpg",
    "modified": "2024-05-19T20:15:47.297Z",
    "source": 73
  }
},
{
  "model": "easy_thumbnails.thumbnail",
  "pk": 111,
  "fields": {
    "storage_hash": "d26becbf46ac48eda79c7a39a13a02dd",
    "name": "products/blue runners\\_c3b3a246-bb64-4504-9325-b76596d55c62.jfif.400x400_q85_crop-smart.jpg",
    "modified": "2024-05-20T18:08:49.836Z",
    "source": 78
  }
},
{
  "model": "easy_thumbnails.thumbnail",
  "pk": 112,
  "fields": {
    "storage_hash": "d26becbf46ac48eda79c7a39a13a02dd",
    "name": "products/blue runners\\_c3b3a246-bb64-4504-9325-b76596d55c62.jfif.100x100_q85_crop-smart.jpg",
    "modified": "2024-05-20T18:08:49.883Z",
    "source": 78
  }
},
{
  "model": "easy_thumbnails.thumbnail",
  "pk": 113,
  "fields": {
    "storage_hash": "d26becbf46ac48eda79c7a39a13a02dd",
    "name": "products/blue runners\\_c0ddaee2-69c5-4db0-9ae8-cd6d5dfe838e.jfif.100x100_q85_crop-smart.jpg",
    "modified": "2024-05-20T18:08:49.945Z",
    "source": 79
  }
},
{
  "model": "easy_thumbnails.thumbnail",
  "pk": 114,
  "fields": {
    "storage_hash": "d26becbf46ac48eda79c7a39a13a02dd",
    "name": "products/blue runners\\_7b78c9bc-1506-4129-9a8e-a914ec801e72.jfif.100x100_q85_crop-smart.jpg",
    "modified": "2024-05-20T18:08:49.992Z",
    "source": 80
  }
},
{
  "model": "easy_thumbnails.thumbnail",
  "pk": 115,
  "fields": {
    "storage_hash": "d26becbf46ac48eda79c7a39a13a02dd",
    "name": "products/SwiftSprint\\_8d04171f-a94b-416e-9218-436f997b1b77.jfif.400x400_q85_crop-smart.jpg",
    "modified": "2024-05-20T19:07:09.927Z",
    "source": 81
  }
},
{
  "model": "easy_thumbnails.thumbnail",
  "pk": 116,
  "fields": {
    "storage_hash": "d26becbf46ac48eda79c7a39a13a02dd",
    "name": "products/SwiftSprint\\_8d04171f-a94b-416e-9218-436f997b1b77.jfif.100x100_q85_crop-smart.jpg",
    "modified": "2024-05-20T19:07:09.973Z",
    "source": 81
  }
},
{
  "model": "easy_thumbnails.thumbnail",
  "pk": 117,
  "fields": {
    "storage_hash": "d26becbf46ac48eda79c7a39a13a02dd",
    "name": "products/SwiftSprint\\_0bd03821-be92-4117-b0b1-34332e278ee7.jfif.100x100_q85_crop-smart.jpg",
    "modified": "2024-05-20T19:07:10.020Z",
    "source": 82
  }
},
{
  "model": "easy_thumbnails.thumbnail",
  "pk": 118,
  "fields": {
    "storage_hash": "d26becbf46ac48eda79c7a39a13a02dd",
    "name": "products/Monochromatic\\403837_BKCC_E_eJfwDnZ.jpg.400x400_q85_crop-smart.jpg",
    "modified": "2024-05-21T14:16:46.954Z",
    "source": 83
  }
},
{
  "model": "easy_thumbnails.thumbnail",
  "pk": 119,
  "fields": {
    "storage_hash": "d26becbf46ac48eda79c7a39a13a02dd",
    "name": "products/Monochromatic\\403837_BKCC_E_eJfwDnZ.jpg.100x100_q85_crop-smart.jpg",
    "modified": "2024-05-21T14:16:47.062Z",
    "source": 83
  }
},
{
  "model": "easy_thumbnails.thumbnail",
  "pk": 120,
  "fields": {
    "storage_hash": "d26becbf46ac48eda79c7a39a13a02dd",
    "name": "products/Monochromatic\\403837_BKCC_D_ldF09tg.jpg.100x100_q85_crop-smart.jpg",
    "modified": "2024-05-21T14:16:47.176Z",
    "source": 84
  }
},
{
  "model": "easy_thumbnails.thumbnail",
  "pk": 121,
  "fields": {
    "storage_hash": "d26becbf46ac48eda79c7a39a13a02dd",
    "name": "products/Monochromatic\\403837_BKCC_KD2BPz3.jpg.100x100_q85_crop-smart.jpg",
    "modified": "2024-05-21T14:16:47.282Z",
    "source": 85
  }
},
{
  "model": "easy_thumbnails.thumbnail",
  "pk": 122,
  "fields": {
    "storage_hash": "d26becbf46ac48eda79c7a39a13a02dd",
    "name": "products/Aero\\Designer.jpeg.400x400_q85_crop-smart.jpg",
    "modified": "2024-05-21T14:21:13.895Z",
    "source": 86
  }
},
{
  "model": "easy_thumbnails.thumbnail",
  "pk": 123,
  "fields": {
    "storage_hash": "d26becbf46ac48eda79c7a39a13a02dd",
    "name": "products/Aero\\Designer.jpeg.100x100_q85_crop-smart.jpg",
    "modified": "2024-05-21T14:21:14.058Z",
    "source": 86
  }
},
{
  "model": "easy_thumbnails.thumbnail",
  "pk": 124,
  "fields": {
    "storage_hash": "d26becbf46ac48eda79c7a39a13a02dd",
    "name": "products/Aero\\2.jpeg.100x100_q85_crop-smart.jpg",
    "modified": "2024-05-21T14:21:14.244Z",
    "source": 87
  }
},
{
  "model": "easy_thumbnails.thumbnail",
  "pk": 125,
  "fields": {
    "storage_hash": "d26becbf46ac48eda79c7a39a13a02dd",
    "name": "products/ArcticLander\\4442_CDB_E_KEf9P6J.jpg.400x400_q85_crop-smart.jpg",
    "modified": "2024-05-21T14:24:36.824Z",
    "source": 88
  }
},
{
  "model": "easy_thumbnails.thumbnail",
  "pk": 126,
  "fields": {
    "storage_hash": "d26becbf46ac48eda79c7a39a13a02dd",
    "name": "products/ArcticLander\\4442_CDB_E_KEf9P6J.jpg.100x100_q85_crop-smart.jpg",
    "modified": "2024-05-21T14:24:36.946Z",
    "source": 88
  }
},
{
  "model": "easy_thumbnails.thumbnail",
  "pk": 127,
  "fields": {
    "storage_hash": "d26becbf46ac48eda79c7a39a13a02dd",
    "name": "products/ArcticLander\\4442_CDB_nHRfl1F.jpg.100x100_q85_crop-smart.jpg",
    "modified": "2024-05-21T14:24:37.124Z",
    "source": 89
  }
},
{
  "model": "easy_thumbnails.thumbnail",
  "pk": 128,
  "fields": {
    "storage_hash": "d26becbf46ac48eda79c7a39a13a02dd",
    "name": "products/ArcticLander\\4442_CDB_F_7QCjOhA.jpg.100x100_q85_crop-smart.jpg",
    "modified": "2024-05-21T14:24:37.327Z",
    "source": 90
  }
},
{
  "model": "easy_thumbnails.thumbnail",
  "pk": 129,
  "fields": {
    "storage_hash": "d26becbf46ac48eda79c7a39a13a02dd",
    "name": "products/VolocityPro\\_df686373-ad5e-4378-9186-10272ba5d307.jfif.390x390_q85_crop-smart.jpg",
    "modified": "2024-05-21T17:15:37.250Z",
    "source": 13
  }
},
{
  "model": "easy_thumbnails.thumbnail",
  "pk": 130,
  "fields": {
    "storage_hash": "d26becbf46ac48eda79c7a39a13a02dd",
    "name": "products/VolocityPro\\_df686373-ad5e-4378-9186-10272ba5d307.jfif.390x300_q85_crop-smart.jpg",
    "modified": "2024-05-21T17:15:47.857Z",
    "source": 13
  }
},
{
  "model": "easy_thumbnails.thumbnail",
  "pk": 131,
  "fields": {
    "storage_hash": "d26becbf46ac48eda79c7a39a13a02dd",
    "name": "products/VolocityPro\\_df686373-ad5e-4378-9186-10272ba5d307.jfif.380x380_q85_crop-smart.jpg",
    "modified": "2024-05-21T17:16:57.219Z",
    "source": 13
  }
},
{
  "model": "easy_thumbnails.thumbnail",
  "pk": 132,
  "fields": {
    "storage_hash": "d26becbf46ac48eda79c7a39a13a02dd",
    "name": "products/Heeled Booties\\s-l1600_a25fCEM.jpg.380x380_q85_crop-smart.jpg",
    "modified": "2024-05-21T17:18:13.872Z",
    "source": 63
  }
},
{
  "model": "easy_thumbnails.thumbnail",
  "pk": 133,
  "fields": {
    "storage_hash": "d26becbf46ac48eda79c7a39a13a02dd",
    "name": "products/Heeled Booties\\s-l1600_a25fCEM.jpg.350x350_q85_crop-smart.jpg",
    "modified": "2024-05-21T17:20:24.908Z",
    "source": 63
  }
},
{
  "model": "easy_thumbnails.thumbnail",
  "pk": 134,
  "fields": {
    "storage_hash": "d26becbf46ac48eda79c7a39a13a02dd",
    "name": "products/VolocityPro\\_df686373-ad5e-4378-9186-10272ba5d307.jfif.350x350_q85_crop-smart.jpg",
    "modified": "2024-05-21T17:20:34.299Z",
    "source": 13
  }
},
{
  "model": "easy_thumbnails.thumbnail",
  "pk": 135,
  "fields": {
    "storage_hash": "d26becbf46ac48eda79c7a39a13a02dd",
    "name": "products/UrbanRunners\\71aw3ZS16pL._AC_SY500__kov5ORZ.jpg.120x120_q85_crop-smart.jpg",
    "modified": "2024-05-21T17:21:43.537Z",
    "source": 36
  }
},
{
  "model": "easy_thumbnails.thumbnail",
  "pk": 136,
  "fields": {
    "storage_hash": "d26becbf46ac48eda79c7a39a13a02dd",
    "name": "products/UrbanRunners\\81tsDzIqH8L._AC_SY500__DGg2J8B.jpg.120x120_q85_crop-smart.jpg",
    "modified": "2024-05-21T17:21:43.584Z",
    "source": 37
  }
},
{
  "model": "easy_thumbnails.thumbnail",
  "pk": 137,
  "fields": {
    "storage_hash": "d26becbf46ac48eda79c7a39a13a02dd",
    "name": "products/blue runners\\_c3b3a246-bb64-4504-9325-b76596d55c62.jfif.120x120_q85_crop-smart.jpg",
    "modified": "2024-05-21T17:21:46.782Z",
    "source": 78
  }
},
{
  "model": "easy_thumbnails.thumbnail",
  "pk": 138,
  "fields": {
    "storage_hash": "d26becbf46ac48eda79c7a39a13a02dd",
    "name": "products/blue runners\\_c0ddaee2-69c5-4db0-9ae8-cd6d5dfe838e.jfif.120x120_q85_crop-smart.jpg",
    "modified": "2024-05-21T17:21:46.814Z",
    "source": 79
  }
},
{
  "model": "easy_thumbnails.thumbnail",
  "pk": 139,
  "fields": {
    "storage_hash": "d26becbf46ac48eda79c7a39a13a02dd",
    "name": "products/blue runners\\_7b78c9bc-1506-4129-9a8e-a914ec801e72.jfif.120x120_q85_crop-smart.jpg",
    "modified": "2024-05-21T17:21:46.860Z",
    "source": 80
  }
},
{
  "model": "easy_thumbnails.thumbnail",
  "pk": 140,
  "fields": {
    "storage_hash": "d26becbf46ac48eda79c7a39a13a02dd",
    "name": "products/VolocityPro\\_df686373-ad5e-4378-9186-10272ba5d307.jfif.120x120_q85_crop-smart.jpg",
    "modified": "2024-05-21T17:21:56.605Z",
    "source": 13
  }
},
{
  "model": "easy_thumbnails.thumbnail",
  "pk": 141,
  "fields": {
    "storage_hash": "d26becbf46ac48eda79c7a39a13a02dd",
    "name": "products/VolocityPro\\_2227d744-0d5d-462b-9347-08790a17c8dd.jfif.120x120_q85_crop-smart.jpg",
    "modified": "2024-05-21T17:21:56.715Z",
    "source": 14
  }
},
{
  "model": "easy_thumbnails.thumbnail",
  "pk": 142,
  "fields": {
    "storage_hash": "d26becbf46ac48eda79c7a39a13a02dd",
    "name": "products/VolocityPro\\_3ccb3aab-bed3-406a-a14c-34681769406e.jfif.120x120_q85_crop-smart.jpg",
    "modified": "2024-05-21T17:21:56.843Z",
    "source": 15
  }
},
{
  "model": "easy_thumbnails.thumbnail",
  "pk": 143,
  "fields": {
    "storage_hash": "d26becbf46ac48eda79c7a39a13a02dd",
    "name": "products/Sniks\\303828_NVPR_E_tjKh9Hg.jpg.120x120_q85_crop-smart.jpg",
    "modified": "2024-05-21T17:31:33.383Z",
    "source": 71
  }
},
{
  "model": "easy_thumbnails.thumbnail",
  "pk": 144,
  "fields": {
    "storage_hash": "d26becbf46ac48eda79c7a39a13a02dd",
    "name": "products/Sniks\\303828_NVPR_D_MXGLAku.jpg.120x120_q85_crop-smart.jpg",
    "modified": "2024-05-21T17:31:33.414Z",
    "source": 72
  }
},
{
  "model": "easy_thumbnails.thumbnail",
  "pk": 145,
  "fields": {
    "storage_hash": "d26becbf46ac48eda79c7a39a13a02dd",
    "name": "products/Sniks\\303828_NVPR_Tk28iUl.jpg.120x120_q85_crop-smart.jpg",
    "modified": "2024-05-21T17:31:33.446Z",
    "source": 73
  }
},
{
  "model": "easy_thumbnails.thumbnail",
  "pk": 146,
  "fields": {
    "storage_hash": "d26becbf46ac48eda79c7a39a13a02dd",
    "name": "products/Puddle Jumpers\\3_1_PbI7jGi.jpg.120x120_q85_crop-smart.jpg",
    "modified": "2024-05-21T17:31:52.783Z",
    "source": 58
  }
},
{
  "model": "easy_thumbnails.thumbnail",
  "pk": 147,
  "fields": {
    "storage_hash": "d26becbf46ac48eda79c7a39a13a02dd",
    "name": "products/Puddle Jumpers\\3_2_LphNGra.jpg.120x120_q85_crop-smart.jpg",
    "modified": "2024-05-21T17:31:52.815Z",
    "source": 59
  }
},
{
  "model": "easy_thumbnails.thumbnail",
  "pk": 148,
  "fields": {
    "storage_hash": "d26becbf46ac48eda79c7a39a13a02dd",
    "name": "products/SwiftSprint\\_8d04171f-a94b-416e-9218-436f997b1b77.jfif.120x120_q85_crop-smart.jpg",
    "modified": "2024-05-21T17:39:46.700Z",
    "source": 81
  }
},
{
  "model": "easy_thumbnails.thumbnail",
  "pk": 149,
  "fields": {
    "storage_hash": "d26becbf46ac48eda79c7a39a13a02dd",
    "name": "products/SwiftSprint\\_0bd03821-be92-4117-b0b1-34332e278ee7.jfif.120x120_q85_crop-smart.jpg",
    "modified": "2024-05-21T17:39:46.747Z",
    "source": 82
  }
},
{
  "model": "easy_thumbnails.thumbnail",
  "pk": 150,
  "fields": {
    "storage_hash": "d26becbf46ac48eda79c7a39a13a02dd",
    "name": "products/Flex Slips\\2_1_UbMUKeZ.jpg.120x120_q85_crop-smart.jpg",
    "modified": "2024-05-21T17:41:10.126Z",
    "source": 47
  }
},
{
  "model": "easy_thumbnails.thumbnail",
  "pk": 151,
  "fields": {
    "storage_hash": "d26becbf46ac48eda79c7a39a13a02dd",
    "name": "products/Flex Slips\\2_2_KVXUYIg.jpg.120x120_q85_crop-smart.jpg",
    "modified": "2024-05-21T17:41:10.158Z",
    "source": 48
  }
},
{
  "model": "easy_thumbnails.thumbnail",
  "pk": 152,
  "fields": {
    "storage_hash": "d26becbf46ac48eda79c7a39a13a02dd",
    "name": "products/Flex Slips\\2_3_M7WWwV2.jpg.120x120_q85_crop-smart.jpg",
    "modified": "2024-05-21T17:41:10.189Z",
    "source": 49
  }
},
{
  "model": "easy_thumbnails.thumbnail",
  "pk": 153,
  "fields": {
    "storage_hash": "d26becbf46ac48eda79c7a39a13a02dd",
    "name": "products/Heeled Booties\\s-l1600_a25fCEM.jpg.120x120_q85_crop-smart.jpg",
    "modified": "2024-05-21T17:51:44.925Z",
    "source": 63
  }
},
{
  "model": "easy_thumbnails.thumbnail",
  "pk": 154,
  "fields": {
    "storage_hash": "d26becbf46ac48eda79c7a39a13a02dd",
    "name": "products/Heeled Booties\\s-l960.jpg.120x120_q85_crop-smart.jpg",
    "modified": "2024-05-21T17:51:44.972Z",
    "source": 64
  }
},
{
  "model": "easy_thumbnails.thumbnail",
  "pk": 155,
  "fields": {
    "storage_hash": "d26becbf46ac48eda79c7a39a13a02dd",
    "name": "products/Heeled Booties\\s-l960_1_VQPGxjl.jpg.120x120_q85_crop-smart.jpg",
    "modified": "2024-05-21T17:51:45.018Z",
    "source": 65
  }
},
{
  "model": "easy_thumbnails.thumbnail",
  "pk": 156,
  "fields": {
    "storage_hash": "d26becbf46ac48eda79c7a39a13a02dd",
    "name": "products/BreathyEasy\\405634_BBK.jpg.120x120_q85_crop-smart.jpg",
    "modified": "2024-05-21T18:17:28.573Z",
    "source": 66
  }
},
{
  "model": "easy_thumbnails.thumbnail",
  "pk": 157,
  "fields": {
    "storage_hash": "d26becbf46ac48eda79c7a39a13a02dd",
    "name": "products/BreathyEasy\\405634_BBK_E.jpg.120x120_q85_crop-smart.jpg",
    "modified": "2024-05-21T18:17:28.620Z",
    "source": 67
  }
},
{
  "model": "easy_thumbnails.thumbnail",
  "pk": 158,
  "fields": {
    "storage_hash": "d26becbf46ac48eda79c7a39a13a02dd",
    "name": "products/Faux leather boots\\2_1_7g5MIgn.jpg.120x120_q85_crop-smart.jpg",
    "modified": "2024-05-21T18:25:43.465Z",
    "source": 53
  }
},
{
  "model": "easy_thumbnails.thumbnail",
  "pk": 159,
  "fields": {
    "storage_hash": "d26becbf46ac48eda79c7a39a13a02dd",
    "name": "products/Faux leather boots\\2_2.jpg.120x120_q85_crop-smart.jpg",
    "modified": "2024-05-21T18:25:43.512Z",
    "source": 54
  }
},
{
  "model": "easy_thumbnails.thumbnail",
  "pk": 160,
  "fields": {
    "storage_hash": "d26becbf46ac48eda79c7a39a13a02dd",
    "name": "products/Faux leather boots\\2_3_0Hr1pFF.jpg.120x120_q85_crop-smart.jpg",
    "modified": "2024-05-21T18:25:43.543Z",
    "source": 55
  }
},
{
  "model": "easy_thumbnails.thumbnail",
  "pk": 161,
  "fields": {
    "storage_hash": "d26becbf46ac48eda79c7a39a13a02dd",
    "name": "products/PuddleMeasurer\\51HwY1loAZL._AC_SY535__WuXgSA2.jpg.120x120_q85_crop-smart.jpg",
    "modified": "2024-05-21T18:45:46.939Z",
    "source": 56
  }
},
{
  "model": "easy_thumbnails.thumbnail",
  "pk": 162,
  "fields": {
    "storage_hash": "d26becbf46ac48eda79c7a39a13a02dd",
    "name": "products/PuddleMeasurer\\51Bc8mzpbrL._AC_SY535__Z86zZwS.jpg.120x120_q85_crop-smart.jpg",
    "modified": "2024-05-21T18:45:46.985Z",
    "source": 57
  }
},
{
  "model": "easy_thumbnails.thumbnail",
  "pk": 163,
  "fields": {
    "storage_hash": "d26becbf46ac48eda79c7a39a13a02dd",
    "name": "products/Adventure Seeker\\2_1_G44r66J.jpg.120x120_q85_crop-smart.jpg",
    "modified": "2024-05-21T19:41:35.560Z",
    "source": 60
  }
},
{
  "model": "easy_thumbnails.thumbnail",
  "pk": 164,
  "fields": {
    "storage_hash": "d26becbf46ac48eda79c7a39a13a02dd",
    "name": "products/Adventure Seeker\\2_2_EJM260o.jpg.120x120_q85_crop-smart.jpg",
    "modified": "2024-05-21T19:41:35.709Z",
    "source": 61
  }
},
{
  "model": "easy_thumbnails.thumbnail",
  "pk": 165,
  "fields": {
    "storage_hash": "d26becbf46ac48eda79c7a39a13a02dd",
    "name": "products/Adventure Seeker\\2_3_Wva35lM.jpg.120x120_q85_crop-smart.jpg",
    "modified": "2024-05-21T19:41:35.867Z",
    "source": 62
  }
},
{
  "model": "easy_thumbnails.thumbnail",
  "pk": 166,
  "fields": {
    "storage_hash": "d26becbf46ac48eda79c7a39a13a02dd",
    "name": "products/ArcticLander\\4442_CDB_E_KEf9P6J.jpg.120x120_q85_crop-smart.jpg",
    "modified": "2024-05-21T19:43:56.529Z",
    "source": 88
  }
},
{
  "model": "easy_thumbnails.thumbnail",
  "pk": 167,
  "fields": {
    "storage_hash": "d26becbf46ac48eda79c7a39a13a02dd",
    "name": "products/ArcticLander\\4442_CDB_nHRfl1F.jpg.120x120_q85_crop-smart.jpg",
    "modified": "2024-05-21T19:43:57.156Z",
    "source": 89
  }
},
{
  "model": "easy_thumbnails.thumbnail",
  "pk": 168,
  "fields": {
    "storage_hash": "d26becbf46ac48eda79c7a39a13a02dd",
    "name": "products/ArcticLander\\4442_CDB_F_7QCjOhA.jpg.120x120_q85_crop-smart.jpg",
    "modified": "2024-05-21T19:43:57.410Z",
    "source": 90
  }
},
{
  "model": "easy_thumbnails.thumbnail",
  "pk": 169,
  "fields": {
    "storage_hash": "d26becbf46ac48eda79c7a39a13a02dd",
    "name": "products/Monochromatic\\403837_BKCC_E_eJfwDnZ.jpg.120x120_q85_crop-smart.jpg",
    "modified": "2024-05-21T19:55:49.999Z",
    "source": 83
  }
},
{
  "model": "easy_thumbnails.thumbnail",
  "pk": 170,
  "fields": {
    "storage_hash": "d26becbf46ac48eda79c7a39a13a02dd",
    "name": "products/Monochromatic\\403837_BKCC_D_ldF09tg.jpg.120x120_q85_crop-smart.jpg",
    "modified": "2024-05-21T19:55:50.117Z",
    "source": 84
  }
},
{
  "model": "easy_thumbnails.thumbnail",
  "pk": 171,
  "fields": {
    "storage_hash": "d26becbf46ac48eda79c7a39a13a02dd",
    "name": "products/Monochromatic\\403837_BKCC_KD2BPz3.jpg.120x120_q85_crop-smart.jpg",
    "modified": "2024-05-21T19:55:50.213Z",
    "source": 85
  }
},
{
  "model": "easy_thumbnails.thumbnail",
  "pk": 172,
  "fields": {
    "storage_hash": "d26becbf46ac48eda79c7a39a13a02dd",
    "name": "products/CloudWalk\\114814_WHT_E_1df8dLG.jpg.120x120_q85_crop-smart.jpg",
    "modified": "2024-05-21T20:42:32.933Z",
    "source": 44
  }
},
{
  "model": "easy_thumbnails.thumbnail",
  "pk": 173,
  "fields": {
    "storage_hash": "d26becbf46ac48eda79c7a39a13a02dd",
    "name": "products/CloudWalk\\114814_WHT_D_KN3lZ5e.jpg.120x120_q85_crop-smart.jpg",
    "modified": "2024-05-21T20:42:33.334Z",
    "source": 45
  }
},
{
  "model": "easy_thumbnails.thumbnail",
  "pk": 174,
  "fields": {
    "storage_hash": "d26becbf46ac48eda79c7a39a13a02dd",
    "name": "products/CloudWalk\\114814_WHT_uHauDgd.jpg.120x120_q85_crop-smart.jpg",
    "modified": "2024-05-21T20:42:33.861Z",
    "source": 46
  }
},
{
  "model": "easy_thumbnails.thumbnail",
  "pk": 175,
  "fields": {
    "storage_hash": "d26becbf46ac48eda79c7a39a13a02dd",
    "name": "products/CityComfort\\2_1_NORVA8L.jpg.120x120_q85_crop-smart.jpg",
    "modified": "2024-05-22T18:50:16.075Z",
    "source": 33
  }
},
{
  "model": "easy_thumbnails.thumbnail",
  "pk": 176,
  "fields": {
    "storage_hash": "d26becbf46ac48eda79c7a39a13a02dd",
    "name": "products/CityComfort\\2_2_JaIW91F.jpg.120x120_q85_crop-smart.jpg",
    "modified": "2024-05-22T18:50:16.150Z",
    "source": 32
  }
},
{
  "model": "easy_thumbnails.thumbnail",
  "pk": 177,
  "fields": {
    "storage_hash": "d26becbf46ac48eda79c7a39a13a02dd",
    "name": "products/SnowTrekker\\2_2_23zR6yG.jpg.120x120_q85_crop-smart.jpg",
    "modified": "2024-05-23T14:24:02.257Z",
    "source": 76
  }
},
{
  "model": "easy_thumbnails.thumbnail",
  "pk": 178,
  "fields": {
    "storage_hash": "d26becbf46ac48eda79c7a39a13a02dd",
    "name": "products/SnowTrekker\\2_1_C2qNVIv.jpg.120x120_q85_crop-smart.jpg",
    "modified": "2024-05-23T14:24:02.313Z",
    "source": 77
  }
},
{
  "model": "easy_thumbnails.thumbnail",
  "pk": 179,
  "fields": {
    "storage_hash": "d26becbf46ac48eda79c7a39a13a02dd",
    "name": "products/Aero\\Designer.jpeg.120x120_q85_crop-smart.jpg",
    "modified": "2024-05-23T15:18:30.612Z",
    "source": 86
  }
},
{
  "model": "easy_thumbnails.thumbnail",
  "pk": 180,
  "fields": {
    "storage_hash": "d26becbf46ac48eda79c7a39a13a02dd",
    "name": "products/Aero\\2.jpeg.120x120_q85_crop-smart.jpg",
    "modified": "2024-05-23T15:18:30.752Z",
    "source": 87
  }
},
{
  "model": "easy_thumbnails.thumbnail",
  "pk": 181,
  "fields": {
    "storage_hash": "d26becbf46ac48eda79c7a39a13a02dd",
    "name": "products/MaxComfort/_4668c9d9-c89a-4980-9068-75576ab42410.jfif.120x120_q85_crop-smart.jpg",
    "modified": "2024-05-28T01:40:43.600Z",
    "source": 74
  }
},
{
  "model": "easy_thumbnails.thumbnail",
  "pk": 182,
  "fields": {
    "storage_hash": "d26becbf46ac48eda79c7a39a13a02dd",
    "name": "products/MaxComfort/_1c23127d-272e-4efd-82d7-084e55935020.jfif.120x120_q85_crop-smart.jpg",
    "modified": "2024-05-28T01:40:43.660Z",
    "source": 75
  }
},
{
  "model": "shop.size",
  "pk": 19,
  "fields": {
    "name": "7.0"
  }
},
{
  "model": "shop.size",
  "pk": 20,
  "fields": {
    "name": "7.5"
  }
},
{
  "model": "shop.size",
  "pk": 21,
  "fields": {
    "name": "8.0"
  }
},
{
  "model": "shop.size",
  "pk": 22,
  "fields": {
    "name": "8.5"
  }
},
{
  "model": "shop.size",
  "pk": 23,
  "fields": {
    "name": "2.5"
  }
},
{
  "model": "shop.size",
  "pk": 24,
  "fields": {
    "name": "3.0"
  }
},
{
  "model": "shop.size",
  "pk": 25,
  "fields": {
    "name": "4.0"
  }
},
{
  "model": "shop.size",
  "pk": 26,
  "fields": {
    "name": "5.5"
  }
},
{
  "model": "shop.size",
  "pk": 27,
  "fields": {
    "name": "11.0"
  }
},
{
  "model": "shop.size",
  "pk": 28,
  "fields": {
    "name": "11.5"
  }
},
{
  "model": "shop.size",
  "pk": 29,
  "fields": {
    "name": "12.0"
  }
},
{
  "model": "shop.size",
  "pk": 30,
  "fields": {
    "name": "12.5"
  }
},
{
  "model": "shop.size",
  "pk": 31,
  "fields": {
    "name": "9.0"
  }
},
{
  "model": "shop.size",
  "pk": 32,
  "fields": {
    "name": "10.0"
  }
},
{
  "model": "shop.size",
  "pk": 33,
  "fields": {
    "name": "9.5"
  }
},
{
  "model": "shop.size",
  "pk": 34,
  "fields": {
    "name": "6.0"
  }
},
{
  "model": "shop.typetranslation",
  "pk": 1,
  "fields": {
    "language_code": "es",
    "name": "Hombres",
    "slug": "hombres",
    "master": 4
  }
},
{
  "model": "shop.typetranslation",
  "pk": 2,
  "fields": {
    "language_code": "en",
    "name": "Men",
    "slug": "men",
    "master": 4
  }
},
{
  "model": "shop.typetranslation",
  "pk": 3,
  "fields": {
    "language_code": "es",
    "name": "Mujeres",
    "slug": "mujeres",
    "master": 3
  }
},
{
  "model": "shop.typetranslation",
  "pk": 4,
  "fields": {
    "language_code": "en",
    "name": "Women",
    "slug": "women",
    "master": 3
  }
},
{
  "model": "shop.typetranslation",
  "pk": 5,
  "fields": {
    "language_code": "en",
    "name": "Kids",
    "slug": "kids",
    "master": 2
  }
},
{
  "model": "shop.typetranslation",
  "pk": 6,
  "fields": {
    "language_code": "es",
    "name": "Nios",
    "slug": "ninos",
    "master": 2
  }
},
{
  "model": "shop.type",
  "pk": 2,
  "fields": {}
},
{
  "model": "shop.type",
  "pk": 3,
  "fields": {}
},
{
  "model": "shop.type",
  "pk": 4,
  "fields": {}
},
{
  "model": "shop.categorytranslation",
  "pk": 1,
  "fields": {
    "language_code": "en",
    "name": "running",
    "slug": "running",
    "master": 9
  }
},
{
  "model": "shop.categorytranslation",
  "pk": 2,
  "fields": {
    "language_code": "en",
    "name": "boots",
    "slug": "boots",
    "master": 8
  }
},
{
  "model": "shop.categorytranslation",
  "pk": 3,
  "fields": {
    "language_code": "en",
    "name": "casual",
    "slug": "casual",
    "master": 7
  }
},
{
  "model": "shop.categorytranslation",
  "pk": 6,
  "fields": {
    "language_code": "es",
    "name": "corriente",
    "slug": "corriente",
    "master": 9
  }
},
{
  "model": "shop.categorytranslation",
  "pk": 7,
  "fields": {
    "language_code": "es",
    "name": "botas",
    "slug": "botas",
    "master": 8
  }
},
{
  "model": "shop.categorytranslation",
  "pk": 8,
  "fields": {
    "language_code": "es",
    "name": "casual",
    "slug": "casual-",
    "master": 7
  }
},
{
  "model": "shop.category",
  "pk": 7,
  "fields": {}
},
{
  "model": "shop.category",
  "pk": 8,
  "fields": {}
},
{
  "model": "shop.category",
  "pk": 9,
  "fields": {}
},
{
  "model": "shop.producttranslation",
  "pk": 11,
  "fields": {
    "language_code": "en",
    "name": "Sniks",
    "slug": "sniks",
    "description": "Experience peak performance with our cutting-edge running shoes. Designed for speed and comfort, these shoes offer superior cushioning and support for every stride.",
    "master": 8
  }
},
{
  "model": "shop.producttranslation",
  "pk": 12,
  "fields": {
    "language_code": "es",
    "name": "Sniks",
    "slug": "sniks",
    "description": "Experimenta un rendimiento ptimo con nuestros zapatos para correr de vanguardia. Diseados para velocidad y comodidad, estos zapatos ofrecen amortiguacin superior y soporte para cada zancada.",
    "master": 8
  }
},
{
  "model": "shop.producttranslation",
  "pk": 13,
  "fields": {
    "language_code": "en",
    "name": "VolocityPro",
    "slug": "volocitypro",
    "description": "Designed for maximum performance, combining lightweight construction, superior cushioning, and excellent traction for your most challenging runs and not existed",
    "master": 9
  }
},
{
  "model": "shop.producttranslation",
  "pk": 14,
  "fields": {
    "language_code": "es",
    "name": "VolocityPro",
    "slug": "volocitypro",
    "description": "Diseados para un rendimiento mximo, combinando una construccin ligera, una amortiguacin superior y una excelente traccin para tus carreras ms desafiantes y no existentes.",
    "master": 9
  }
},
{
  "model": "shop.producttranslation",
  "pk": 15,
  "fields": {
    "language_code": "en",
    "name": "Heeled Booties",
    "slug": "heeled-booties",
    "description": "Step out in style and comfort with these elegant black boots featuring a midsize heel for a touch of sophistication",
    "master": 10
  }
},
{
  "model": "shop.producttranslation",
  "pk": 16,
  "fields": {
    "language_code": "es",
    "name": "Botines de tacn",
    "slug": "heeled-booties",
    "description": "Sal con estilo y comodidad con estos elegantes botines negros que cuentan con un tacn de tamao mediano para un toque de sofisticacin.",
    "master": 10
  }
},
{
  "model": "shop.producttranslation",
  "pk": 19,
  "fields": {
    "language_code": "en",
    "name": "Faux leather boots",
    "slug": "faux-leather-boots",
    "description": "Faux leather boots are stylish and affordable footwear made from synthetic materials, offering a versatile option for various outfits and occasions.",
    "master": 12
  }
},
{
  "model": "shop.producttranslation",
  "pk": 20,
  "fields": {
    "language_code": "es",
    "name": "Botas de piel sinttica",
    "slug": "botas-de-piel-sintetica",
    "description": "Las botas de cuero sinttico son calzado elegante y asequible hecho de materiales sintticos, ofreciendo una opcin verstil para diferentes conjuntos y ocasiones.",
    "master": 12
  }
},
{
  "model": "shop.producttranslation",
  "pk": 21,
  "fields": {
    "language_code": "en",
    "name": "CloudWalk",
    "slug": "cloudwalk",
    "description": "Lightweight and comfortable, these shoes offer a featherlight feel for women on-the-go, ensuring all-day comfort without compromising on style.",
    "master": 13
  }
},
{
  "model": "shop.producttranslation",
  "pk": 22,
  "fields": {
    "language_code": "en",
    "name": "Flex Slips",
    "slug": "flex-slips",
    "description": "designed for effortless style and comfort, featuring elastic materials for easy slip-on convenience.",
    "master": 14
  }
},
{
  "model": "shop.producttranslation",
  "pk": 23,
  "fields": {
    "language_code": "es",
    "name": "Flex Slips",
    "slug": "flex-slips",
    "description": "Diseado para un estilo y comodidad sin esfuerzo, con materiales elsticos para una fcil colocacin sin necesidad de cordones.",
    "master": 14
  }
},
{
  "model": "shop.producttranslation",
  "pk": 24,
  "fields": {
    "language_code": "en",
    "name": "Monochromatic",
    "slug": "monochromatic",
    "description": "Running shoes offer both style and functionality with their sleek design and easy slip-on feature.",
    "master": 15
  }
},
{
  "model": "shop.producttranslation",
  "pk": 25,
  "fields": {
    "language_code": "es",
    "name": "Monocromtica",
    "slug": "monocromatica",
    "description": "Las zapatillas para correr ofrecen tanto estilo como funcionalidad con su diseo elegante y su caracterstica de fcil deslizamiento.",
    "master": 15
  }
},
{
  "model": "shop.producttranslation",
  "pk": 26,
  "fields": {
    "language_code": "en",
    "name": "SnowTrekker",
    "slug": "snowtrekker",
    "description": "Conquer snowy landscapes in style and comfort with SnowTrekers, designed for ultimate warmth and traction.",
    "master": 16
  }
},
{
  "model": "shop.producttranslation",
  "pk": 27,
  "fields": {
    "language_code": "es",
    "name": "SnowTrekker",
    "slug": "snowtrekker",
    "description": "Conquista paisajes nevados con estilo y comodidad con SnowTrekers, diseados para brindar calidez y traccin excepcionales!",
    "master": 16
  }
},
{
  "model": "shop.producttranslation",
  "pk": 28,
  "fields": {
    "language_code": "en",
    "name": "ArcticLander",
    "slug": "arcticlander",
    "description": "Stay warm and stylish while conquering snowy terrain with ArcticLander snow boots",
    "master": 17
  }
},
{
  "model": "shop.producttranslation",
  "pk": 29,
  "fields": {
    "language_code": "es",
    "name": "ArcticLander",
    "slug": "arcticlander",
    "description": "Mantente clido y con estilo mientras conquistas terrenos nevados con las botas de nieve ArcticLander!",
    "master": 17
  }
},
{
  "model": "shop.producttranslation",
  "pk": 30,
  "fields": {
    "language_code": "en",
    "name": "CityComfort",
    "slug": "citycomfort",
    "description": "Perfect for any occasion, these shoes blend fashion with functionality for a versatile look that pairs effortlessly with your favorite outfits",
    "master": 18
  }
},
{
  "model": "shop.producttranslation",
  "pk": 31,
  "fields": {
    "language_code": "es",
    "name": "CityComfort",
    "slug": "citycomfort",
    "description": "Lo siento, no tengo una respuesta para eso. Por favor, reformula tu pregunta o agrega ms detalles a la consulta anterior.",
    "master": 18
  }
},
{
  "model": "shop.producttranslation",
  "pk": 32,
  "fields": {
    "language_code": "en",
    "name": "UrbanRunners",
    "slug": "urbanrunners",
    "description": "From classic designs to modern twists, these shoes are the perfect blend of style and ease.",
    "master": 19
  }
},
{
  "model": "shop.producttranslation",
  "pk": 33,
  "fields": {
    "language_code": "es",
    "name": "UrbanRunners",
    "slug": "urbanrunners",
    "description": "De diseos clsicos a toques modernos, estos zapatos son la combinacin perfecta de estilo y comodidad",
    "master": 19
  }
},
{
  "model": "shop.producttranslation",
  "pk": 34,
  "fields": {
    "language_code": "en",
    "name": "BlueRunners",
    "slug": "blue-runners",
    "description": "Lightweight and breathable, these shoes are designed to provide comfort and support for your daily runs.",
    "master": 20
  }
},
{
  "model": "shop.producttranslation",
  "pk": 35,
  "fields": {
    "language_code": "es",
    "name": "BlueRunners",
    "slug": "bluerunners",
    "description": "Ligeros y transpirables, estos zapatos estn diseados para brindar comodidad y soporte en tus carreras diarias.",
    "master": 20
  }
},
{
  "model": "shop.producttranslation",
  "pk": 36,
  "fields": {
    "language_code": "en",
    "name": "Adventure Seeker",
    "slug": "adventure-seeker",
    "description": "Keep  feet warm and dry for any kind of adventures",
    "master": 21
  }
},
{
  "model": "shop.producttranslation",
  "pk": 37,
  "fields": {
    "language_code": "es",
    "name": "Adventure Seeker",
    "slug": "adventure-seeker",
    "description": "Mantn los pies calientes y secos para cualquier tipo de aventura",
    "master": 21
  }
},
{
  "model": "shop.producttranslation",
  "pk": 38,
  "fields": {
    "language_code": "en",
    "name": "Puddle Jumpers",
    "slug": "puddle-jumpers",
    "description": "Stay warm and dry, no matter how far you get in your adventure",
    "master": 22
  }
},
{
  "model": "shop.producttranslation",
  "pk": 39,
  "fields": {
    "language_code": "es",
    "name": "Puddle Jumpers",
    "slug": "puddle-jumpers",
    "description": "Mantente clido y seco, sin importar lo lejos que llegues en tu aventura!",
    "master": 22
  }
},
{
  "model": "shop.producttranslation",
  "pk": 40,
  "fields": {
    "language_code": "en",
    "name": "PuddleMeasurer",
    "slug": "puddlemeasurer",
    "description": "Wondering how deep the puddle is? Let's check it!",
    "master": 23
  }
},
{
  "model": "shop.producttranslation",
  "pk": 41,
  "fields": {
    "language_code": "es",
    "name": "PuddleMeasurer",
    "slug": "puddlemeasurer",
    "description": "Te preguntas qu tan profundo es el charco? Vamos a comprobarlo!",
    "master": 23
  }
},
{
  "model": "shop.producttranslation",
  "pk": 42,
  "fields": {
    "language_code": "en",
    "name": "BreathyEasy",
    "slug": "breathyeasy",
    "description": "Designed with breathable materials and cushioned soles, these shoes offer a perfect blend of style and functionality",
    "master": 24
  }
},
{
  "model": "shop.producttranslation",
  "pk": 43,
  "fields": {
    "language_code": "es",
    "name": "BreathyEasy",
    "slug": "breathyeasy",
    "description": "Diseados con materiales transpirables y suelas acolchadas, estos zapatos ofrecen una combinacin perfecta de estilo y funcionalidad",
    "master": 24
  }
},
{
  "model": "shop.producttranslation",
  "pk": 44,
  "fields": {
    "language_code": "en",
    "name": "SwiftSprint",
    "slug": "swiftsprint",
    "description": "Experience the perfect combination of comfort and performance",
    "master": 25
  }
},
{
  "model": "shop.producttranslation",
  "pk": 45,
  "fields": {
    "language_code": "es",
    "name": "SwiftSprint",
    "slug": "swiftsprint",
    "description": "Experimenta la combinacin perfecta de comodidad y rendimiento",
    "master": 25
  }
},
{
  "model": "shop.producttranslation",
  "pk": 46,
  "fields": {
    "language_code": "en",
    "name": "Aero",
    "slug": "aero",
    "description": "With a lightweight design and responsive cushioning, these shoes are built to propel you forward with every step",
    "master": 26
  }
},
{
  "model": "shop.producttranslation",
  "pk": 47,
  "fields": {
    "language_code": "es",
    "name": "Aero",
    "slug": "aero",
    "description": "Con un diseo ligero y una amortiguacin receptiva, estos zapatos estn diseados para impulsarte hacia adelante con cada paso.",
    "master": 26
  }
},
{
  "model": "shop.producttranslation",
  "pk": 48,
  "fields": {
    "language_code": "en",
    "name": "MaxComfort",
    "slug": "maxcomfort",
    "description": "Get into the unrealistic comfort with MaxComfort running shoes, designed for optimal cushioning and stability.",
    "master": 27
  }
},
{
  "model": "shop.producttranslation",
  "pk": 49,
  "fields": {
    "language_code": "es",
    "name": "MaxComfort",
    "slug": "maxcomfort",
    "description": "Sumrgete en la comodidad inigualable con las zapatillas de running MaxComfort, diseadas para una amortiguacin y estabilidad ptimas",
    "master": 27
  }
},
{
  "model": "shop.product",
  "pk": 8,
  "fields": {
    "type": 2,
    "category": 9,
    "image": "products/Sniks/303828_NVPR_E_tjKh9Hg.jpg",
    "image_2": "products/Sniks/303828_NVPR_D_MXGLAku.jpg",
    "image_3": "products/Sniks/303828_NVPR_Tk28iUl.jpg",
    "price": "55.03",
    "available": true,
    "created": "2024-05-16T16:32:32.966Z",
    "updated": "2024-05-16T16:32:32.966Z",
    "size": [
      23,
      24,
      25,
      26,
      19,
      20
    ]
  }
},
{
  "model": "shop.product",
  "pk": 9,
  "fields": {
    "type": 4,
    "category": 9,
    "image": "products/VolocityPro/_df686373-ad5e-4378-9186-10272ba5d307.jfif",
    "image_2": "products/VolocityPro/_2227d744-0d5d-462b-9347-08790a17c8dd.jfif",
    "image_3": "products/VolocityPro/_3ccb3aab-bed3-406a-a14c-34681769406e.jfif",
    "price": "63.01",
    "available": true,
    "created": "2024-05-16T17:02:00.635Z",
    "updated": "2024-05-16T17:02:00.635Z",
    "size": [
      21,
      22,
      31,
      27,
      29,
      30
    ]
  }
},
{
  "model": "shop.product",
  "pk": 10,
  "fields": {
    "type": 3,
    "category": 8,
    "image": "products/Heeled Booties/s-l1600_a25fCEM.jpg",
    "image_2": "products/Heeled Booties/s-l960.jpg",
    "image_3": "products/Heeled Booties/s-l960_1_VQPGxjl.jpg",
    "price": "74.27",
    "available": true,
    "created": "2024-05-16T17:09:22.386Z",
    "updated": "2024-05-16T17:09:22.386Z",
    "size": [
      19,
      20,
      21,
      22,
      31,
      32
    ]
  }
},
{
  "model": "shop.product",
  "pk": 12,
  "fields": {
    "type": 3,
    "category": 8,
    "image": "products/Faux leather boots/2_1_7g5MIgn.jpg",
    "image_2": "products/Faux leather boots/2_2.jpg",
    "image_3": "products/Faux leather boots/2_3_0Hr1pFF.jpg",
    "price": "45.59",
    "available": true,
    "created": "2024-05-16T17:16:47.322Z",
    "updated": "2024-05-16T17:16:47.322Z",
    "size": [
      19,
      21,
      32,
      27,
      29,
      30
    ]
  }
},
{
  "model": "shop.product",
  "pk": 13,
  "fields": {
    "type": 3,
    "category": 7,
    "image": "products/CloudWalk/114814_WHT_E_1df8dLG.jpg",
    "image_2": "products/CloudWalk/114814_WHT_D_KN3lZ5e.jpg",
    "image_3": "products/CloudWalk/114814_WHT_uHauDgd.jpg",
    "price": "43.33",
    "available": true,
    "created": "2024-05-16T17:27:07.283Z",
    "updated": "2024-05-16T17:27:07.283Z",
    "size": [
      21,
      22,
      31,
      32,
      27,
      28,
      29,
      30
    ]
  }
},
{
  "model": "shop.product",
  "pk": 14,
  "fields": {
    "type": 3,
    "category": 7,
    "image": "products/Flex Slips/2_1_UbMUKeZ.jpg",
    "image_2": "products/Flex Slips/2_2_KVXUYIg.jpg",
    "image_3": "products/Flex Slips/2_3_M7WWwV2.jpg",
    "price": "34.54",
    "available": true,
    "created": "2024-05-16T17:42:25.445Z",
    "updated": "2024-05-16T17:42:25.445Z",
    "size": [
      19,
      20,
      21,
      22,
      31,
      33
    ]
  }
},
{
  "model": "shop.product",
  "pk": 15,
  "fields": {
    "type": 4,
    "category": 9,
    "image": "products/Monochromatic/403837_BKCC_E_eJfwDnZ.jpg",
    "image_2": "products/Monochromatic/403837_BKCC_D_ldF09tg.jpg",
    "image_3": "products/Monochromatic/403837_BKCC_KD2BPz3.jpg",
    "price": "49.99",
    "available": true,
    "created": "2024-05-16T17:53:05.836Z",
    "updated": "2024-05-16T17:53:05.836Z",
    "size": [
      21,
      31,
      33,
      32,
      27,
      28,
      29,
      30
    ]
  }
},
{
  "model": "shop.product",
  "pk": 16,
  "fields": {
    "type": 4,
    "category": 8,
    "image": "products/SnowTrekker/2_2_23zR6yG.jpg",
    "image_2": "products/SnowTrekker/2_1_C2qNVIv.jpg",
    "image_3": "",
    "price": "89.94",
    "available": true,
    "created": "2024-05-16T17:58:40.244Z",
    "updated": "2024-05-16T17:58:40.244Z",
    "size": [
      32,
      27,
      28,
      29
    ]
  }
},
{
  "model": "shop.product",
  "pk": 17,
  "fields": {
    "type": 4,
    "category": 8,
    "image": "products/ArcticLander/4442_CDB_E_KEf9P6J.jpg",
    "image_2": "products/ArcticLander/4442_CDB_nHRfl1F.jpg",
    "image_3": "products/ArcticLander/4442_CDB_F_7QCjOhA.jpg",
    "price": "99.94",
    "available": true,
    "created": "2024-05-16T19:00:02.136Z",
    "updated": "2024-05-16T19:00:02.136Z",
    "size": [
      20,
      22,
      27,
      28,
      29,
      30
    ]
  }
},
{
  "model": "shop.product",
  "pk": 18,
  "fields": {
    "type": 4,
    "category": 7,
    "image": "products/CityComfort/2_1_NORVA8L.jpg",
    "image_2": "products/CityComfort/2_2_JaIW91F.jpg",
    "image_3": "",
    "price": "29.55",
    "available": true,
    "created": "2024-05-16T19:06:17.807Z",
    "updated": "2024-05-16T19:06:17.807Z",
    "size": [
      21,
      31,
      32,
      27,
      28,
      29,
      30
    ]
  }
},
{
  "model": "shop.product",
  "pk": 19,
  "fields": {
    "type": 4,
    "category": 7,
    "image": "products/UrbanRunners/71aw3ZS16pL._AC_SY500__kov5ORZ.jpg",
    "image_2": "products/UrbanRunners/81tsDzIqH8L._AC_SY500__DGg2J8B.jpg",
    "image_3": "",
    "price": "29.37",
    "available": true,
    "created": "2024-05-16T19:09:27.354Z",
    "updated": "2024-05-16T19:09:27.354Z",
    "size": [
      20,
      32,
      27,
      28,
      29,
      30
    ]
  }
},
{
  "model": "shop.product",
  "pk": 20,
  "fields": {
    "type": 4,
    "category": 9,
    "image": "products/blue runners/_c3b3a246-bb64-4504-9325-b76596d55c62.jfif",
    "image_2": "products/blue runners/_c0ddaee2-69c5-4db0-9ae8-cd6d5dfe838e.jfif",
    "image_3": "products/blue runners/_7b78c9bc-1506-4129-9a8e-a914ec801e72.jfif",
    "price": "29.47",
    "available": true,
    "created": "2024-05-16T19:16:02.784Z",
    "updated": "2024-05-16T19:16:02.784Z",
    "size": [
      27,
      28,
      29,
      30
    ]
  }
},
{
  "model": "shop.product",
  "pk": 21,
  "fields": {
    "type": 2,
    "category": 8,
    "image": "products/Adventure Seeker/2_1_G44r66J.jpg",
    "image_2": "products/Adventure Seeker/2_2_EJM260o.jpg",
    "image_3": "products/Adventure Seeker/2_3_Wva35lM.jpg",
    "price": "23.77",
    "available": true,
    "created": "2024-05-16T19:24:29.539Z",
    "updated": "2024-05-16T19:24:29.539Z",
    "size": [
      23,
      24,
      25,
      26,
      19,
      21
    ]
  }
},
{
  "model": "shop.product",
  "pk": 22,
  "fields": {
    "type": 2,
    "category": 8,
    "image": "products/Puddle Jumpers/3_1_PbI7jGi.jpg",
    "image_2": "products/Puddle Jumpers/3_2_LphNGra.jpg",
    "image_3": "",
    "price": "33.33",
    "available": true,
    "created": "2024-05-16T19:33:45.061Z",
    "updated": "2024-05-16T19:33:45.061Z",
    "size": [
      23,
      34,
      19,
      20,
      21
    ]
  }
},
{
  "model": "shop.product",
  "pk": 23,
  "fields": {
    "type": 2,
    "category": 8,
    "image": "products/PuddleMeasurer/51HwY1loAZL._AC_SY535__WuXgSA2.jpg",
    "image_2": "products/PuddleMeasurer/51Bc8mzpbrL._AC_SY535__Z86zZwS.jpg",
    "image_3": "",
    "price": "28.16",
    "available": true,
    "created": "2024-05-16T19:45:57.108Z",
    "updated": "2024-05-16T19:45:57.109Z",
    "size": [
      23,
      24,
      25,
      26,
      34,
      19,
      20
    ]
  }
},
{
  "model": "shop.product",
  "pk": 24,
  "fields": {
    "type": 2,
    "category": 7,
    "image": "products/BreathyEasy/405634_BBK.jpg",
    "image_2": "products/BreathyEasy/405634_BBK_E.jpg",
    "image_3": "",
    "price": "44.65",
    "available": true,
    "created": "2024-05-17T00:07:26.601Z",
    "updated": "2024-05-17T00:07:26.601Z",
    "size": [
      25,
      26,
      34,
      19,
      20,
      21,
      22
    ]
  }
},
{
  "model": "shop.product",
  "pk": 25,
  "fields": {
    "type": 2,
    "category": 9,
    "image": "products/SwiftSprint/_8d04171f-a94b-416e-9218-436f997b1b77.jfif",
    "image_2": "products/SwiftSprint/_0bd03821-be92-4117-b0b1-34332e278ee7.jfif",
    "image_3": "",
    "price": "63.27",
    "available": true,
    "created": "2024-05-17T00:22:38.698Z",
    "updated": "2024-05-17T00:22:38.698Z",
    "size": [
      23,
      24,
      25,
      26,
      34,
      19,
      20,
      21,
      22,
      31,
      33
    ]
  }
},
{
  "model": "shop.product",
  "pk": 26,
  "fields": {
    "type": 3,
    "category": 9,
    "image": "products/Aero/Designer.jpeg",
    "image_2": "products/Aero/2.jpeg",
    "image_3": "",
    "price": "74.99",
    "available": true,
    "created": "2024-05-17T00:28:33.026Z",
    "updated": "2024-05-17T00:28:33.026Z",
    "size": [
      19,
      20,
      21,
      22,
      31,
      33,
      32
    ]
  }
},
{
  "model": "shop.product",
  "pk": 27,
  "fields": {
    "type": 3,
    "category": 9,
    "image": "products/MaxComfort/_4668c9d9-c89a-4980-9068-75576ab42410.jfif",
    "image_2": "products/MaxComfort/_1c23127d-272e-4efd-82d7-084e55935020.jfif",
    "image_3": "",
    "price": "57.90",
    "available": true,
    "created": "2024-05-17T00:42:30.820Z",
    "updated": "2024-05-17T00:42:30.820Z",
    "size": [
      34,
      19,
      21,
      22,
      31,
      33,
      32,
      27
    ]
  }
},
{
  "model": "shop.interaction",
  "pk": 9,
  "fields": {
    "product": 8,
    "with_product": 10,
    "score": 1
  }
},
{
  "model": "shop.interaction",
  "pk": 10,
  "fields": {
    "product": 8,
    "with_product": 12,
    "score": 1
  }
},
{
  "model": "shop.interaction",
  "pk": 11,
  "fields": {
    "product": 10,
    "with_product": 12,
    "score": 1
  }
},
{
  "model": "shop.interaction",
  "pk": 12,
  "fields": {
    "product": 27,
    "with_product": 27,
    "score": 3
  }
},
{
  "model": "shop.interaction",
  "pk": 13,
  "fields": {
    "product": 9,
    "with_product": 12,
    "score": 1
  }
},
{
  "model": "shop.interaction",
  "pk": 14,
  "fields": {
    "product": 9,
    "with_product": 21,
    "score": 1
  }
},
{
  "model": "shop.interaction",
  "pk": 15,
  "fields": {
    "product": 9,
    "with_product": 25,
    "score": 1
  }
},
{
  "model": "shop.interaction",
  "pk": 16,
  "fields": {
    "product": 12,
    "with_product": 21,
    "score": 1
  }
},
{
  "model": "shop.interaction",
  "pk": 17,
  "fields": {
    "product": 12,
    "with_product": 25,
    "score": 1
  }
},
{
  "model": "shop.interaction",
  "pk": 18,
  "fields": {
    "product": 21,
    "with_product": 25,
    "score": 1
  }
},
{
  "model": "shop.interaction",
  "pk": 19,
  "fields": {
    "product": 10,
    "with_product": 14,
    "score": 1
  }
},
{
  "model": "shop.interaction",
  "pk": 20,
  "fields": {
    "product": 10,
    "with_product": 15,
    "score": 1
  }
},
{
  "model": "shop.interaction",
  "pk": 21,
  "fields": {
    "product": 10,
    "with_product": 20,
    "score": 1
  }
},
{
  "model": "shop.interaction",
  "pk": 22,
  "fields": {
    "product": 14,
    "with_product": 15,
    "score": 1
  }
},
{
  "model": "shop.interaction",
  "pk": 23,
  "fields": {
    "product": 14,
    "with_product": 20,
    "score": 2
  }
},
{
  "model": "shop.interaction",
  "pk": 24,
  "fields": {
    "product": 15,
    "with_product": 20,
    "score": 1
  }
},
{
  "model": "shop.interaction",
  "pk": 25,
  "fields": {
    "product": 13,
    "with_product": 26,
    "score": 1
  }
},
{
  "model": "shop.interaction",
  "pk": 26,
  "fields": {
    "product": 13,
    "with_product": 27,
    "score": 1
  }
},
{
  "model": "shop.interaction",
  "pk": 27,
  "fields": {
    "product": 26,
    "with_product": 27,
    "score": 1
  }
},
{
  "model": "shop.interaction",
  "pk": 28,
  "fields": {
    "product": 13,
    "with_product": 15,
    "score": 1
  }
},
{
  "model": "shop.interaction",
  "pk": 29,
  "fields": {
    "product": 13,
    "with_product": 19,
    "score": 1
  }
},
{
  "model": "shop.interaction",
  "pk": 30,
  "fields": {
    "product": 15,
    "with_product": 19,
    "score": 1
  }
},
{
  "model": "shop.interaction",
  "pk": 31,
  "fields": {
    "product": 16,
    "with_product": 23,
    "score": 1
  }
},
{
  "model": "shop.interaction",
  "pk": 32,
  "fields": {
    "product": 16,
    "with_product": 24,
    "score": 1
  }
},
{
  "model": "shop.interaction",
  "pk": 33,
  "fields": {
    "product": 23,
    "with_product": 24,
    "score": 1
  }
},
{
  "model": "shop.interaction",
  "pk": 34,
  "fields": {
    "product": 8,
    "with_product": 9,
    "score": 2
  }
},
{
  "model": "shop.interaction",
  "pk": 35,
  "fields": {
    "product": 8,
    "with_product": 14,
    "score": 2
  }
},
{
  "model": "shop.interaction",
  "pk": 36,
  "fields": {
    "product": 8,
    "with_product": 17,
    "score": 1
  }
},
{
  "model": "shop.interaction",
  "pk": 37,
  "fields": {
    "product": 9,
    "with_product": 14,
    "score": 2
  }
},
{
  "model": "shop.interaction",
  "pk": 38,
  "fields": {
    "product": 9,
    "with_product": 17,
    "score": 1
  }
},
{
  "model": "shop.interaction",
  "pk": 39,
  "fields": {
    "product": 14,
    "with_product": 17,
    "score": 1
  }
},
{
  "model": "shop.interaction",
  "pk": 40,
  "fields": {
    "product": 9,
    "with_product": 18,
    "score": 1
  }
},
{
  "model": "shop.interaction",
  "pk": 41,
  "fields": {
    "product": 9,
    "with_product": 19,
    "score": 3
  }
},
{
  "model": "shop.interaction",
  "pk": 42,
  "fields": {
    "product": 14,
    "with_product": 18,
    "score": 1
  }
},
{
  "model": "shop.interaction",
  "pk": 43,
  "fields": {
    "product": 14,
    "with_product": 19,
    "score": 1
  }
},
{
  "model": "shop.interaction",
  "pk": 44,
  "fields": {
    "product": 18,
    "with_product": 19,
    "score": 1
  }
},
{
  "model": "shop.interaction",
  "pk": 45,
  "fields": {
    "product": 9,
    "with_product": 20,
    "score": 2
  }
},
{
  "model": "shop.interaction",
  "pk": 46,
  "fields": {
    "product": 9,
    "with_product": 24,
    "score": 2
  }
},
{
  "model": "shop.interaction",
  "pk": 47,
  "fields": {
    "product": 19,
    "with_product": 20,
    "score": 2
  }
},
{
  "model": "shop.interaction",
  "pk": 48,
  "fields": {
    "product": 19,
    "with_product": 24,
    "score": 2
  }
},
{
  "model": "shop.interaction",
  "pk": 49,
  "fields": {
    "product": 20,
    "with_product": 24,
    "score": 2
  }
},
{
  "model": "shop.interaction",
  "pk": 50,
  "fields": {
    "product": 20,
    "with_product": 21,
    "score": 1
  }
},
{
  "model": "shop.interaction",
  "pk": 51,
  "fields": {
    "product": 20,
    "with_product": 26,
    "score": 1
  }
},
{
  "model": "shop.interaction",
  "pk": 52,
  "fields": {
    "product": 21,
    "with_product": 26,
    "score": 1
  }
},
{
  "model": "shop.interaction",
  "pk": 53,
  "fields": {
    "product": 8,
    "with_product": 22,
    "score": 2
  }
},
{
  "model": "shop.interaction",
  "pk": 54,
  "fields": {
    "product": 14,
    "with_product": 22,
    "score": 1
  }
},
{
  "model": "shop.interaction",
  "pk": 55,
  "fields": {
    "product": 23,
    "with_product": 26,
    "score": 1
  }
},
{
  "model": "shop.interaction",
  "pk": 56,
  "fields": {
    "product": 8,
    "with_product": 25,
    "score": 1
  }
},
{
  "model": "shop.interaction",
  "pk": 57,
  "fields": {
    "product": 22,
    "with_product": 25,
    "score": 1
  }
},
{
  "model": "shop.interaction",
  "pk": 58,
  "fields": {
    "product": 14,
    "with_product": 27,
    "score": 1
  }
},
{
  "model": "shop.interaction",
  "pk": 59,
  "fields": {
    "product": 20,
    "with_product": 27,
    "score": 1
  }
},
{
  "model": "shop.review",
  "pk": 15,
  "fields": {
    "product": 8,
    "user": 8,
    "rating": 9,
    "comment": "Stripe(not completed)\r\nSuccess: 4242 4242 4242 4242, any, any\r\nFailed 4000 0000 0000 0002, any, any",
    "created_at": "2024-05-21T14:58:26.599Z"
  }
},
{
  "model": "shop.review",
  "pk": 16,
  "fields": {
    "product": 8,
    "user": 10,
    "rating": 10,
    "comment": "perfect blend of style and comfort",
    "created_at": "2024-05-21T15:15:17.354Z"
  }
},
{
  "model": "shop.review",
  "pk": 17,
  "fields": {
    "product": 9,
    "user": 10,
    "rating": 7,
    "comment": "simple design",
    "created_at": "2024-05-21T15:15:59.867Z"
  }
},
{
  "model": "shop.review",
  "pk": 18,
  "fields": {
    "product": 9,
    "user": 1,
    "rating": 8,
    "comment": "suitable for casual wear",
    "created_at": "2024-05-21T15:17:04.074Z"
  }
},
{
  "model": "shop.review",
  "pk": 19,
  "fields": {
    "product": 10,
    "user": 10,
    "rating": 9,
    "comment": "comfortable fit",
    "created_at": "2024-05-21T15:21:44.318Z"
  }
},
{
  "model": "shop.review",
  "pk": 20,
  "fields": {
    "product": 10,
    "user": 8,
    "rating": 7,
    "comment": "choice for everyday use",
    "created_at": "2024-05-21T15:25:28.428Z"
  }
},
{
  "model": "orders.order",
  "pk": 145,
  "fields": {
    "user": null,
    "first_name": "Denys",
    "last_name": "Astanin",
    "email": "astanindenys@gmail.com",
    "address": "6640 CHaffee ct, N-2",
    "postal_code": "44141",
    "city": "Brecksville",
    "created": "2024-05-23T19:00:29.438Z",
    "updated": "2024-05-23T19:00:29.438Z",
    "paid": false,
    "coupon": null,
    "discount": 0,
    "stripe_id": ""
  }
},
{
  "model": "orders.order",
  "pk": 146,
  "fields": {
    "user": null,
    "first_name": "Rex",
    "last_name": "Pex",
    "email": "astanindenys@gmail.com",
    "address": "123 Main st",
    "postal_code": "12345",
    "city": "Main",
    "created": "2024-05-24T01:09:56.871Z",
    "updated": "2024-05-24T01:09:56.871Z",
    "paid": false,
    "coupon": null,
    "discount": 0,
    "stripe_id": ""
  }
},
{
  "model": "orders.order",
  "pk": 147,
  "fields": {
    "user": null,
    "first_name": "Denys",
    "last_name": "Astanin",
    "email": "astanindenys@gmail.com",
    "address": "6640 CHaffee ct, N-2",
    "postal_code": "44141",
    "city": "Brecksville",
    "created": "2024-05-28T01:35:49.337Z",
    "updated": "2024-05-28T01:36:31.974Z",
    "paid": true,
    "coupon": null,
    "discount": 0,
    "stripe_id": ""
  }
},
{
  "model": "orders.orderitem",
  "pk": 463,
  "fields": {
    "order": 145,
    "product": 8,
    "price": "55.03",
    "quantity": 1,
    "size": [
      23
    ]
  }
},
{
  "model": "orders.orderitem",
  "pk": 464,
  "fields": {
    "order": 146,
    "product": 8,
    "price": "55.03",
    "quantity": 1,
    "size": [
      23
    ]
  }
},
{
  "model": "orders.orderitem",
  "pk": 465,
  "fields": {
    "order": 146,
    "product": 9,
    "price": "63.01",
    "quantity": 1,
    "size": [
      21
    ]
  }
},
{
  "model": "orders.orderitem",
  "pk": 466,
  "fields": {
    "order": 147,
    "product": 18,
    "price": "29.55",
    "quantity": 1,
    "size": [
      21
    ]
  }
},
{
  "model": "coupons.coupon",
  "pk": 1,
  "fields": {
    "code": "SPRING",
    "valid_from": "2024-03-07T15:05:08Z",
    "valid_to": "2025-03-30T15:06:08Z",
    "discount": 10,
    "active": true
  }
},
{
  "model": "coupons.coupon",
  "pk": 2,
  "fields": {
    "code": "summer",
    "valid_from": "2024-03-07T18:48:21Z",
    "valid_to": "2025-03-07T18:48:32Z",
    "discount": 20,
    "active": true
  }
}
]
